"","Year","State","birthState","Count","Salary","HR"
"1",1985,"alabama","AL",26,9453357,67
"2",1985,"alaska","AK",1,0,0
"3",1985,"arizona","AZ",7,1689333,20
"4",1985,"arkansas","AR",6,737500,35
"5",1985,"california","CA",208,54726142,872
"6",1985,"colorado","CO",8,2153333,5
"7",1985,"connecticut","CT",6,655000,11
"8",1985,"delaware","DE",2,120000,10
"9",1985,"district of columbia","DC",3,0,12
"10",1985,"florida","FL",37,9419933,210
"11",1985,"georgia","GA",17,3555833,82
"12",1985,"hawaii","HI",8,1596667,5
"13",1985,"idaho","ID",4,821500,10
"14",1985,"illinois","IL",37,9650500,199
"15",1985,"indiana","IN",7,2888750,93
"16",1985,"iowa","IA",4,1195000,8
"17",1985,"kansas","KS",9,3788334,45
"18",1985,"kentucky","KY",10,1990000,16
"19",1985,"louisiana","LA",9,2320000,2
"20",1985,"maine","ME",4,1170000,0
"21",1985,"maryland","MD",12,2921667,61
"22",1985,"massachusetts","MA",12,2392500,83
"23",1985,"michigan","MI",30,8468583,81
"24",1985,"minnesota","MN",9,5860704,57
"25",1985,"mississippi","MS",12,2612500,102
"26",1985,"missouri","MO",17,4659667,29
"27",1985,"montana","MT",2,0,1
"28",1985,"nebraska","NE",3,1e+06,8
"29",1985,"new hampshire","NH",3,641667,0
"30",1985,"new jersey","NJ",19,2856667,19
"31",1985,"new mexico","NM",1,0,0
"32",1985,"new york","NY",47,7880762,55
"33",1985,"north carolina","NC",11,816250,10
"34",1985,"ohio","OH",48,18220741,169
"35",1985,"oklahoma","OK",17,4467583,55
"36",1985,"oregon","OR",10,3713000,89
"37",1985,"pennsylvania","PA",38,12955025,174
"38",1985,"rhode island","RI",2,745000,17
"39",1985,"south carolina","SC",13,4538394,85
"40",1985,"south dakota","SD",4,2244583,6
"41",1985,"tennessee","TN",10,4201500,48
"42",1985,"texas","TX",57,18913922,190
"43",1985,"utah","UT",1,3e+05,0
"44",1985,"vermont","VT",3,685000,37
"45",1985,"virginia","VA",17,2925666,33
"46",1985,"washington","WA",9,2780000,62
"47",1985,"west virginia","WV",4,2150000,39
"48",1985,"wisconsin","WI",5,1387500,5
"49",1985,"wyoming","WY",3,450000,0
"50",1986,"alabama","AL",22,11499167,63
"51",1986,"alaska","AK",1,60000,7
"52",1986,"arizona","AZ",8,1871706,21
"53",1986,"arkansas","AR",4,1077500,47
"54",1986,"california","CA",224,67134338,963
"55",1986,"colorado","CO",8,1618839,0
"56",1986,"connecticut","CT",5,590000,8
"57",1986,"delaware","DE",2,3e+05,8
"58",1986,"district of columbia","DC",2,95000,6
"59",1986,"florida","FL",42,12405452,240
"60",1986,"georgia","GA",16,4031283,110
"61",1986,"hawaii","HI",7,1675000,0
"62",1986,"idaho","ID",4,1450000,5
"63",1986,"illinois","IL",38,14136795,263
"64",1986,"indiana","IN",11,4470000,69
"65",1986,"iowa","IA",2,992500,10
"66",1986,"kansas","KS",9,5026000,48
"67",1986,"kentucky","KY",9,1665000,12
"68",1986,"louisiana","LA",10,2597000,16
"69",1986,"maine","ME",4,1433100,0
"70",1986,"maryland","MD",10,3054667,53
"71",1986,"massachusetts","MA",11,3285000,96
"72",1986,"michigan","MI",29,8664750,81
"73",1986,"minnesota","MN",10,6118519,67
"74",1986,"mississippi","MS",13,3621071,86
"75",1986,"missouri","MO",17,4827250,34
"76",1986,"montana","MT",1,65000,1
"77",1986,"nebraska","NE",3,1610000,8
"78",1986,"new hampshire","NH",5,639791,0
"79",1986,"new jersey","NJ",17,3111334,40
"80",1986,"new mexico","NM",3,88000,0
"81",1986,"new york","NY",47,11645833,116
"82",1986,"north carolina","NC",11,1069613,30
"83",1986,"ohio","OH",50,16666259,173
"84",1986,"oklahoma","OK",17,4549500,73
"85",1986,"oregon","OR",14,4160000,83
"86",1986,"pennsylvania","PA",34,13157388,155
"87",1986,"rhode island","RI",3,750000,16
"88",1986,"south carolina","SC",14,6996923,62
"89",1986,"south dakota","SD",4,2050000,3
"90",1986,"tennessee","TN",11,4258733,44
"91",1986,"texas","TX",49,18980703,164
"92",1986,"utah","UT",3,555000,0
"93",1986,"vermont","VT",1,875000,14
"94",1986,"virginia","VA",16,2758700,40
"95",1986,"washington","WA",13,2920000,52
"96",1986,"west virginia","WV",5,2644238,29
"97",1986,"wisconsin","WI",3,1887500,7
"98",1986,"wyoming","WY",1,215000,0
"99",1987,"alabama","AL",18,8370097,50
"100",1987,"alaska","AK",1,0,0
"101",1987,"arizona","AZ",7,801843,39
"102",1987,"arkansas","AR",5,1495000,55
"103",1987,"california","CA",213,59420446,1183
"104",1987,"colorado","CO",4,1406404,0
"105",1987,"connecticut","CT",5,652500,19
"106",1987,"delaware","DE",1,3e+05,11
"107",1987,"district of columbia","DC",3,231000,12
"108",1987,"florida","FL",46,10581333,303
"109",1987,"georgia","GA",18,4511552,160
"110",1987,"hawaii","HI",6,1663000,5
"111",1987,"idaho","ID",3,1300000,12
"112",1987,"illinois","IL",42,15308334,246
"113",1987,"indiana","IN",16,5992500,61
"114",1987,"iowa","IA",3,887500,17
"115",1987,"kansas","KS",5,1638000,19
"116",1987,"kentucky","KY",13,3082500,51
"117",1987,"louisiana","LA",11,2097500,37
"118",1987,"maine","ME",1,1075000,0
"119",1987,"maryland","MD",12,3236389,63
"120",1987,"massachusetts","MA",12,1912500,77
"121",1987,"michigan","MI",28,7315985,62
"122",1987,"minnesota","MN",11,8377964,107
"123",1987,"mississippi","MS",13,3858571,114
"124",1987,"missouri","MO",15,5001870,17
"125",1987,"montana","MT",2,0,0
"126",1987,"nebraska","NE",3,1885000,24
"127",1987,"new hampshire","NH",4,710000,0
"128",1987,"new jersey","NJ",22,2542500,19
"129",1987,"new mexico","NM",3,131500,0
"130",1987,"new york","NY",52,11159000,181
"131",1987,"north carolina","NC",14,589000,20
"132",1987,"ohio","OH",46,14123166,185
"133",1987,"oklahoma","OK",19,3237167,55
"134",1987,"oregon","OR",11,3255000,59
"135",1987,"pennsylvania","PA",34,12312500,206
"136",1987,"rhode island","RI",2,8e+05,1
"137",1987,"south carolina","SC",14,4440000,50
"138",1987,"south dakota","SD",3,1255000,3
"139",1987,"tennessee","TN",13,3615500,26
"140",1987,"texas","TX",56,16160722,172
"141",1987,"utah","UT",4,775000,0
"142",1987,"vermont","VT",1,9e+05,23
"143",1987,"virginia","VA",13,1702500,40
"144",1987,"washington","WA",13,2876000,50
"145",1987,"west virginia","WV",2,2165000,42
"146",1987,"wisconsin","WI",6,1487500,8
"147",1987,"wyoming","WY",3,287500,0
"148",1988,"alabama","AL",18,6961937,39
"149",1988,"alaska","AK",2,0,0
"150",1988,"arizona","AZ",9,877500,34
"151",1988,"arkansas","AR",4,1949500,37
"152",1988,"california","CA",211,68723821,843
"153",1988,"colorado","CO",7,1331532,0
"154",1988,"connecticut","CT",4,537500,4
"155",1988,"delaware","DE",1,350000,14
"156",1988,"district of columbia","DC",2,240000,4
"157",1988,"florida","FL",48,13893964,206
"158",1988,"georgia","GA",19,5150833,74
"159",1988,"hawaii","HI",6,2747500,11
"160",1988,"idaho","ID",2,985000,11
"161",1988,"illinois","IL",44,17495488,187
"162",1988,"indiana","IN",17,6042500,51
"163",1988,"iowa","IA",4,1245000,14
"164",1988,"kansas","KS",5,1865000,10
"165",1988,"kentucky","KY",10,2132500,61
"166",1988,"louisiana","LA",10,2168500,32
"167",1988,"maine","ME",3,1137500,1
"168",1988,"maryland","MD",9,3550000,44
"169",1988,"massachusetts","MA",14,4362727,64
"170",1988,"michigan","MI",22,9334833,72
"171",1988,"minnesota","MN",9,7934152,74
"172",1988,"mississippi","MS",16,4318571,65
"173",1988,"missouri","MO",13,4262500,2
"174",1988,"montana","MT",2,0,0
"175",1988,"nebraska","NE",5,2275000,5
"176",1988,"new hampshire","NH",4,627500,1
"177",1988,"new jersey","NJ",22,1656000,25
"178",1988,"new mexico","NM",3,355000,0
"179",1988,"new york","NY",52,13208000,161
"180",1988,"north carolina","NC",15,755000,21
"181",1988,"north dakota","ND",1,0,0
"182",1988,"ohio","OH",45,15721833,98
"183",1988,"oklahoma","OK",14,3610617,48
"184",1988,"oregon","OR",7,3965000,40
"185",1988,"pennsylvania","PA",32,13234909,103
"186",1988,"rhode island","RI",1,250000,0
"187",1988,"south carolina","SC",12,4767865,36
"188",1988,"south dakota","SD",4,1075000,2
"189",1988,"tennessee","TN",13,2769000,9
"190",1988,"texas","TX",55,15238335,110
"191",1988,"utah","UT",3,1060000,0
"192",1988,"vermont","VT",1,7e+05,19
"193",1988,"virginia","VA",11,1650000,20
"194",1988,"washington","WA",11,2774500,49
"195",1988,"west virginia","WV",3,2555000,33
"196",1988,"wisconsin","WI",7,2350000,0
"197",1988,"wyoming","WY",3,542500,0
"198",1989,"alabama","AL",19,9666871,44
"199",1989,"alaska","AK",2,90000,2
"200",1989,"arizona","AZ",9,1750000,35
"201",1989,"arkansas","AR",6,3709666,33
"202",1989,"california","CA",199,81760888,811
"203",1989,"colorado","CO",6,335500,0
"204",1989,"connecticut","CT",6,820500,2
"205",1989,"delaware","DE",1,550000,14
"206",1989,"district of columbia","DC",1,505000,4
"207",1989,"florida","FL",51,19119556,256
"208",1989,"georgia","GA",21,6009477,66
"209",1989,"hawaii","HI",6,4160666,11
"210",1989,"idaho","ID",2,1350000,7
"211",1989,"illinois","IL",47,23008833,171
"212",1989,"indiana","IN",22,7014500,80
"213",1989,"iowa","IA",7,2468500,7
"214",1989,"kansas","KS",4,1228000,11
"215",1989,"kentucky","KY",9,2939000,45
"216",1989,"louisiana","LA",17,3142500,37
"217",1989,"maine","ME",4,195000,0
"218",1989,"maryland","MD",13,5134448,49
"219",1989,"massachusetts","MA",17,6407500,39
"220",1989,"michigan","MI",27,8582237,48
"221",1989,"minnesota","MN",9,6987000,54
"222",1989,"mississippi","MS",14,4170071,63
"223",1989,"missouri","MO",10,5247500,1
"224",1989,"montana","MT",1,97000,0
"225",1989,"nebraska","NE",7,2878000,6
"226",1989,"nevada","NV",1,0,1
"227",1989,"new hampshire","NH",3,1087500,1
"228",1989,"new jersey","NJ",21,2828000,20
"229",1989,"new mexico","NM",4,453500,2
"230",1989,"new york","NY",54,20721333,169
"231",1989,"north carolina","NC",13,1980000,42
"232",1989,"ohio","OH",46,11896100,69
"233",1989,"oklahoma","OK",15,5714666,79
"234",1989,"oregon","OR",9,4796000,41
"235",1989,"pennsylvania","PA",32,11318500,134
"236",1989,"rhode island","RI",1,0,0
"237",1989,"south carolina","SC",14,4898748,19
"238",1989,"south dakota","SD",3,1370000,3
"239",1989,"tennessee","TN",15,3240500,11
"240",1989,"texas","TX",55,16790166,87
"241",1989,"utah","UT",4,2048333,0
"242",1989,"vermont","VT",1,1200000,13
"243",1989,"virginia","VA",8,1600000,12
"244",1989,"washington","WA",10,2740000,39
"245",1989,"west virginia","WV",4,2523000,20
"246",1989,"wisconsin","WI",8,2653000,0
"247",1989,"wyoming","WY",2,1105000,8
"248",1990,"alabama","AL",12,6969167,45
"249",1990,"alaska","AK",2,278000,1
"250",1990,"arizona","AZ",10,2677500,32
"251",1990,"arkansas","AR",9,3411667,40
"252",1990,"california","CA",225,101195370,881
"253",1990,"colorado","CO",4,545500,0
"254",1990,"connecticut","CT",5,812500,10
"255",1990,"delaware","DE",4,450000,10
"256",1990,"district of columbia","DC",1,866667,6
"257",1990,"florida","FL",50,24632888,247
"258",1990,"georgia","GA",23,8735334,93
"259",1990,"hawaii","HI",4,4233334,0
"260",1990,"idaho","ID",1,925000,0
"261",1990,"illinois","IL",52,26502417,164
"262",1990,"indiana","IN",20,9802667,52
"263",1990,"iowa","IA",6,1396500,0
"264",1990,"kansas","KS",7,1325000,30
"265",1990,"kentucky","KY",13,4352500,42
"266",1990,"louisiana","LA",18,5739167,25
"267",1990,"maine","ME",2,470000,0
"268",1990,"maryland","MD",15,4678206,47
"269",1990,"massachusetts","MA",17,7524166,39
"270",1990,"michigan","MI",28,10209335,38
"271",1990,"minnesota","MN",14,12128652,78
"272",1990,"mississippi","MS",9,4783571,67
"273",1990,"missouri","MO",15,5813667,12
"274",1990,"montana","MT",1,2e+05,0
"275",1990,"nebraska","NE",6,3870000,6
"276",1990,"nevada","NV",1,0,0
"277",1990,"new hampshire","NH",4,1487500,2
"278",1990,"new jersey","NJ",21,3818500,26
"279",1990,"new mexico","NM",4,820000,0
"280",1990,"new york","NY",53,23299667,173
"281",1990,"north carolina","NC",16,4245000,46
"282",1990,"north dakota","ND",1,0,0
"283",1990,"ohio","OH",40,14804167,107
"284",1990,"oklahoma","OK",14,6728334,50
"285",1990,"oregon","OR",13,5514167,41
"286",1990,"pennsylvania","PA",35,15331667,144
"287",1990,"rhode island","RI",2,112000,0
"288",1990,"south carolina","SC",9,3540000,15
"289",1990,"south dakota","SD",3,150000,0
"290",1990,"tennessee","TN",13,4078000,15
"291",1990,"texas","TX",53,19732083,131
"292",1990,"utah","UT",2,2058333,0
"293",1990,"vermont","VT",1,1750000,18
"294",1990,"virginia","VA",11,1785000,10
"295",1990,"washington","WA",11,4251000,56
"296",1990,"west virginia","WV",3,2910000,21
"297",1990,"wisconsin","WI",4,1775000,0
"298",1990,"wyoming","WY",2,2270000,12
"299",1991,"alabama","AL",12,5971000,28
"300",1991,"alaska","AK",1,125000,0
"301",1991,"arizona","AZ",11,3040000,24
"302",1991,"arkansas","AR",8,4941667,22
"303",1991,"california","CA",221,150581497,858
"304",1991,"colorado","CO",6,1050000,0
"305",1991,"connecticut","CT",7,1327500,16
"306",1991,"delaware","DE",3,6e+05,16
"307",1991,"district of columbia","DC",1,1516667,6
"308",1991,"florida","FL",54,37881668,255
"309",1991,"georgia","GA",22,12331666,144
"310",1991,"hawaii","HI",4,5033334,3
"311",1991,"idaho","ID",2,5e+05,0
"312",1991,"illinois","IL",47,34992834,129
"313",1991,"indiana","IN",17,9210000,34
"314",1991,"iowa","IA",5,3489167,0
"315",1991,"kansas","KS",3,2772666,16
"316",1991,"kentucky","KY",11,7737500,70
"317",1991,"louisiana","LA",16,11461333,62
"318",1991,"maine","ME",2,950000,1
"319",1991,"maryland","MD",14,8940667,56
"320",1991,"massachusetts","MA",20,7876666,42
"321",1991,"michigan","MI",30,14599000,53
"322",1991,"minnesota","MN",12,17198333,80
"323",1991,"mississippi","MS",8,5425000,43
"324",1991,"missouri","MO",16,7355000,8
"325",1991,"montana","MT",1,465000,0
"326",1991,"nebraska","NE",6,5734667,8
"327",1991,"nevada","NV",1,130000,1
"328",1991,"new hampshire","NH",4,765000,12
"329",1991,"new jersey","NJ",16,3642500,13
"330",1991,"new mexico","NM",3,1150000,0
"331",1991,"new york","NY",54,31619834,175
"332",1991,"north carolina","NC",17,5760167,27
"333",1991,"north dakota","ND",1,140000,0
"334",1991,"ohio","OH",38,21511833,115
"335",1991,"oklahoma","OK",12,7913334,67
"336",1991,"oregon","OR",14,8744166,27
"337",1991,"pennsylvania","PA",36,17826667,109
"338",1991,"rhode island","RI",1,220000,0
"339",1991,"south carolina","SC",10,3940000,14
"340",1991,"south dakota","SD",3,250000,0
"341",1991,"tennessee","TN",14,6256000,28
"342",1991,"texas","TX",57,31626083,104
"343",1991,"utah","UT",2,2408334,0
"344",1991,"vermont","VT",1,1250000,18
"345",1991,"virginia","VA",14,2321667,4
"346",1991,"washington","WA",7,3546167,47
"347",1991,"west virginia","WV",4,4280000,31
"348",1991,"wisconsin","WI",7,3510000,6
"349",1991,"wyoming","WY",2,2635000,20
"350",1992,"alabama","AL",9,8124000,9
"351",1992,"alaska","AK",1,205000,0
"352",1992,"arizona","AZ",6,3290000,17
"353",1992,"arkansas","AR",4,3532167,15
"354",1992,"california","CA",217,190993022,755
"355",1992,"colorado","CO",1,3e+05,0
"356",1992,"connecticut","CT",7,2844166,19
"357",1992,"delaware","DE",2,752500,9
"358",1992,"district of columbia","DC",1,1616667,4
"359",1992,"florida","FL",55,48397417,255
"360",1992,"georgia","GA",22,18676168,99
"361",1992,"hawaii","HI",6,5636667,0
"362",1992,"illinois","IL",42,30994667,104
"363",1992,"indiana","IN",19,10502167,56
"364",1992,"iowa","IA",8,4671667,2
"365",1992,"kansas","KS",4,2831667,34
"366",1992,"kentucky","KY",9,7646500,55
"367",1992,"louisiana","LA",24,14723667,66
"368",1992,"maine","ME",3,2486667,7
"369",1992,"maryland","MD",15,9800333,63
"370",1992,"massachusetts","MA",19,11202168,49
"371",1992,"michigan","MI",27,21592833,30
"372",1992,"minnesota","MN",14,19387333,70
"373",1992,"mississippi","MS",8,2855000,32
"374",1992,"missouri","MO",16,13983167,19
"375",1992,"nebraska","NE",5,6566667,9
"376",1992,"nevada","NV",1,185000,0
"377",1992,"new hampshire","NH",4,1625000,8
"378",1992,"new jersey","NJ",18,7583295,40
"379",1992,"new mexico","NM",2,2425000,0
"380",1992,"new york","NY",56,49878667,189
"381",1992,"north carolina","NC",15,11513167,28
"382",1992,"ohio","OH",40,33770416,129
"383",1992,"oklahoma","OK",11,11295667,71
"384",1992,"oregon","OR",16,8481166,16
"385",1992,"pennsylvania","PA",32,23108000,92
"386",1992,"rhode island","RI",2,109000,0
"387",1992,"south carolina","SC",10,3936500,19
"388",1992,"south dakota","SD",1,225000,0
"389",1992,"tennessee","TN",10,8866000,15
"390",1992,"texas","TX",53,41264168,89
"391",1992,"utah","UT",2,3925000,0
"392",1992,"vermont","VT",1,1e+06,3
"393",1992,"virginia","VA",14,3456333,11
"394",1992,"washington","WA",8,5062500,42
"395",1992,"west virginia","WV",4,5450000,17
"396",1992,"wisconsin","WI",10,4645500,5
"397",1992,"wyoming","WY",2,4275000,24
"398",1993,"alabama","AL",12,14879000,32
"399",1993,"alaska","AK",1,1025000,0
"400",1993,"arizona","AZ",6,4459000,18
"401",1993,"arkansas","AR",4,3812667,14
"402",1993,"california","CA",224,192734166,926
"403",1993,"colorado","CO",4,434000,0
"404",1993,"connecticut","CT",7,4203167,41
"405",1993,"delaware","DE",4,2005500,2
"406",1993,"district of columbia","DC",2,1775000,5
"407",1993,"florida","FL",64,59353667,402
"408",1993,"georgia","GA",26,19781333,138
"409",1993,"hawaii","HI",5,5445000,1
"410",1993,"idaho","ID",1,1800000,0
"411",1993,"illinois","IL",55,31921334,150
"412",1993,"indiana","IN",19,11543000,42
"413",1993,"iowa","IA",10,6548667,1
"414",1993,"kansas","KS",5,3522167,36
"415",1993,"kentucky","KY",11,7654000,70
"416",1993,"louisiana","LA",20,22681667,79
"417",1993,"maine","ME",3,3711667,1
"418",1993,"maryland","MD",19,13733667,81
"419",1993,"massachusetts","MA",23,15316167,66
"420",1993,"michigan","MI",30,26009333,60
"421",1993,"minnesota","MN",12,22115500,89
"422",1993,"mississippi","MS",9,4461500,61
"423",1993,"missouri","MO",19,17755858,29
"424",1993,"montana","MT",2,109000,0
"425",1993,"nebraska","NE",5,5652500,7
"426",1993,"nevada","NV",1,210000,0
"427",1993,"new hampshire","NH",4,2870000,34
"428",1993,"new jersey","NJ",18,6674212,70
"429",1993,"new mexico","NM",2,3465000,0
"430",1993,"new york","NY",53,59425332,188
"431",1993,"north carolina","NC",17,13445500,24
"432",1993,"ohio","OH",44,41733999,169
"433",1993,"oklahoma","OK",10,13581666,70
"434",1993,"oregon","OR",12,4218500,36
"435",1993,"pennsylvania","PA",32,20531500,115
"436",1993,"rhode island","RI",2,118000,0
"437",1993,"south carolina","SC",10,2369000,31
"438",1993,"tennessee","TN",12,10179000,23
"439",1993,"texas","TX",62,48943001,126
"440",1993,"utah","UT",2,3675000,0
"441",1993,"vermont","VT",1,0,1
"442",1993,"virginia","VA",17,5251333,21
"443",1993,"washington","WA",9,13920833,52
"444",1993,"west virginia","WV",4,5310800,33
"445",1993,"wisconsin","WI",9,4738000,14
"446",1993,"wyoming","WY",3,5384000,18
"447",1994,"alabama","AL",12,14751000,37
"448",1994,"alaska","AK",1,2300000,0
"449",1994,"arizona","AZ",8,4133000,18
"450",1994,"arkansas","AR",4,3096667,4
"451",1994,"california","CA",201,197889499,750
"452",1994,"colorado","CO",3,221000,2
"453",1994,"connecticut","CT",7,2050167,33
"454",1994,"delaware","DE",2,2809000,2
"455",1994,"district of columbia","DC",1,1375000,4
"456",1994,"florida","FL",63,63004999,288
"457",1994,"georgia","GA",25,25856167,113
"458",1994,"hawaii","HI",5,6792833,3
"459",1994,"illinois","IL",50,30020249,117
"460",1994,"indiana","IN",13,14086000,45
"461",1994,"iowa","IA",6,4837500,0
"462",1994,"kansas","KS",5,3719000,31
"463",1994,"kentucky","KY",14,12149000,71
"464",1994,"louisiana","LA",24,21244472,75
"465",1994,"maine","ME",2,2586667,1
"466",1994,"maryland","MD",14,14948000,65
"467",1994,"massachusetts","MA",19,17256667,73
"468",1994,"michigan","MI",26,25950334,55
"469",1994,"minnesota","MN",13,18444000,54
"470",1994,"mississippi","MS",6,6287333,39
"471",1994,"missouri","MO",17,14393958,21
"472",1994,"montana","MT",2,290000,0
"473",1994,"nebraska","NE",3,5255000,13
"474",1994,"nevada","NV",1,3e+05,0
"475",1994,"new hampshire","NH",2,4e+06,18
"476",1994,"new jersey","NJ",19,9548167,75
"477",1994,"new mexico","NM",1,175000,0
"478",1994,"new york","NY",57,57479501,139
"479",1994,"north carolina","NC",13,16436000,12
"480",1994,"north dakota","ND",1,0,0
"481",1994,"ohio","OH",42,44150418,136
"482",1994,"oklahoma","OK",9,11509668,55
"483",1994,"oregon","OR",10,2266500,29
"484",1994,"pennsylvania","PA",27,26826000,75
"485",1994,"rhode island","RI",2,180000,0
"486",1994,"south carolina","SC",6,2013000,22
"487",1994,"tennessee","TN",11,10914000,12
"488",1994,"texas","TX",48,36906667,59
"489",1994,"utah","UT",1,0,0
"490",1994,"virginia","VA",9,4720000,21
"491",1994,"washington","WA",11,16520333,41
"492",1994,"west virginia","WV",3,2450000,5
"493",1994,"wisconsin","WI",6,4008750,9
"494",1994,"wyoming","WY",3,7325000,14
"495",1995,"alabama","AL",12,13854700,29
"496",1995,"alaska","AK",1,2300000,0
"497",1995,"arizona","AZ",8,3740223,9
"498",1995,"arkansas","AR",2,0,0
"499",1995,"california","CA",216,194378404,808
"500",1995,"colorado","CO",3,382500,4
"501",1995,"connecticut","CT",8,5587890,47
"502",1995,"delaware","DE",3,3218000,14
"503",1995,"district of columbia","DC",2,634000,2
"504",1995,"florida","FL",68,58509548,353
"505",1995,"georgia","GA",29,36197667,133
"506",1995,"hawaii","HI",3,5802333,1
"507",1995,"idaho","ID",1,109000,0
"508",1995,"illinois","IL",57,31820380,185
"509",1995,"indiana","IN",18,16373112,54
"510",1995,"iowa","IA",8,4743000,3
"511",1995,"kansas","KS",8,6579557,40
"512",1995,"kentucky","KY",15,13059666,79
"513",1995,"louisiana","LA",23,27669729,102
"514",1995,"maine","ME",2,4213333,5
"515",1995,"maryland","MD",15,14541778,93
"516",1995,"massachusetts","MA",29,26281279,111
"517",1995,"michigan","MI",25,22823445,58
"518",1995,"minnesota","MN",8,12061945,50
"519",1995,"mississippi","MS",11,6222566,54
"520",1995,"missouri","MO",19,21126334,27
"521",1995,"montana","MT",1,0,0
"522",1995,"nebraska","NE",4,5798316,5
"523",1995,"nevada","NV",3,459000,24
"524",1995,"new hampshire","NH",3,3609000,9
"525",1995,"new jersey","NJ",21,10358783,69
"526",1995,"new mexico","NM",2,5715000,0
"527",1995,"new york","NY",55,46148759,245
"528",1995,"north carolina","NC",21,14426000,51
"529",1995,"north dakota","ND",2,150000,0
"530",1995,"ohio","OH",54,43496584,161
"531",1995,"oklahoma","OK",13,13178333,74
"532",1995,"oregon","OR",10,1255500,57
"533",1995,"pennsylvania","PA",37,30298000,104
"534",1995,"rhode island","RI",2,272500,0
"535",1995,"south carolina","SC",9,3352000,35
"536",1995,"tennessee","TN",11,11592100,24
"537",1995,"texas","TX",53,43578447,83
"538",1995,"virginia","VA",18,4712500,24
"539",1995,"washington","WA",6,12857334,34
"540",1995,"west virginia","WV",3,1115000,5
"541",1995,"wisconsin","WI",9,2787000,18
"542",1995,"wyoming","WY",3,2483333,21
"543",1996,"alabama","AL",15,9830333,46
"544",1996,"alaska","AK",1,2e+06,0
"545",1996,"arizona","AZ",12,4721000,44
"546",1996,"arkansas","AR",1,0,0
"547",1996,"california","CA",207,192631869,1035
"548",1996,"colorado","CO",4,463500,3
"549",1996,"connecticut","CT",9,9661500,59
"550",1996,"delaware","DE",3,3200000,18
"551",1996,"district of columbia","DC",2,450000,10
"552",1996,"florida","FL",67,63450874,421
"553",1996,"georgia","GA",24,32308500,148
"554",1996,"hawaii","HI",3,4163333,0
"555",1996,"idaho","ID",1,111500,0
"556",1996,"illinois","IL",55,26334500,226
"557",1996,"indiana","IN",21,14688000,66
"558",1996,"iowa","IA",8,2944000,4
"559",1996,"kansas","KS",7,7498000,52
"560",1996,"kentucky","KY",15,16361667,84
"561",1996,"louisiana","LA",31,28112865,109
"562",1996,"maine","ME",1,4608333,0
"563",1996,"maryland","MD",14,19188333,124
"564",1996,"massachusetts","MA",21,21933000,101
"565",1996,"michigan","MI",24,21933900,56
"566",1996,"minnesota","MN",9,8680000,50
"567",1996,"mississippi","MS",11,7459333,77
"568",1996,"missouri","MO",19,12789848,35
"569",1996,"montana","MT",1,115000,0
"570",1996,"nebraska","NE",4,2702500,3
"571",1996,"nevada","NV",3,1059000,19
"572",1996,"new hampshire","NH",2,2e+06,7
"573",1996,"new jersey","NJ",23,15281833,92
"574",1996,"new mexico","NM",2,218000,0
"575",1996,"new york","NY",55,40791442,229
"576",1996,"north carolina","NC",18,9043000,32
"577",1996,"north dakota","ND",2,0,4
"578",1996,"ohio","OH",50,46613000,186
"579",1996,"oklahoma","OK",12,9410149,82
"580",1996,"oregon","OR",11,3234000,70
"581",1996,"pennsylvania","PA",36,33162000,128
"582",1996,"rhode island","RI",1,272500,0
"583",1996,"south carolina","SC",10,5463500,25
"584",1996,"tennessee","TN",11,5797672,42
"585",1996,"texas","TX",56,48375375,103
"586",1996,"virginia","VA",20,5207500,55
"587",1996,"washington","WA",9,17745000,74
"588",1996,"west virginia","WV",1,160000,3
"589",1996,"wisconsin","WI",11,2892500,26
"590",1996,"wyoming","WY",2,1215000,19
"591",1997,"alabama","AL",11,10223333,48
"592",1997,"alaska","AK",1,3500000,0
"593",1997,"arizona","AZ",10,4379000,21
"594",1997,"arkansas","AR",1,0,0
"595",1997,"california","CA",197,208569521,907
"596",1997,"colorado","CO",4,761500,3
"597",1997,"connecticut","CT",9,11978500,49
"598",1997,"delaware","DE",3,2142500,23
"599",1997,"district of columbia","DC",1,216000,3
"600",1997,"florida","FL",57,77209811,351
"601",1997,"georgia","GA",21,36774000,184
"602",1997,"hawaii","HI",2,675000,0
"603",1997,"idaho","ID",2,210000,0
"604",1997,"illinois","IL",48,28412167,205
"605",1997,"indiana","IN",16,15250000,81
"606",1997,"iowa","IA",6,5024167,0
"607",1997,"kansas","KS",9,8520000,85
"608",1997,"kentucky","KY",12,13391962,70
"609",1997,"louisiana","LA",28,39825698,83
"610",1997,"maine","ME",1,4608333,0
"611",1997,"maryland","MD",16,24182500,66
"612",1997,"massachusetts","MA",22,31942500,124
"613",1997,"michigan","MI",20,22700833,45
"614",1997,"minnesota","MN",6,9036000,24
"615",1997,"mississippi","MS",13,7513000,72
"616",1997,"missouri","MO",18,18887767,52
"617",1997,"nebraska","NE",6,3005000,6
"618",1997,"nevada","NV",3,1645000,17
"619",1997,"new hampshire","NH",3,2275000,5
"620",1997,"new jersey","NJ",26,22685833,106
"621",1997,"new mexico","NM",2,310500,2
"622",1997,"new york","NY",49,55172067,256
"623",1997,"north carolina","NC",18,10078000,45
"624",1997,"north dakota","ND",2,340000,16
"625",1997,"ohio","OH",49,54563472,155
"626",1997,"oklahoma","OK",10,9509640,55
"627",1997,"oregon","OR",13,7658500,40
"628",1997,"pennsylvania","PA",33,43514199,145
"629",1997,"rhode island","RI",3,9e+05,0
"630",1997,"south carolina","SC",14,5711000,43
"631",1997,"south dakota","SD",2,150000,0
"632",1997,"tennessee","TN",11,6141672,51
"633",1997,"texas","TX",51,47444417,51
"634",1997,"virginia","VA",17,8588000,52
"635",1997,"washington","WA",15,22370000,58
"636",1997,"west virginia","WV",2,362000,1
"637",1997,"wisconsin","WI",11,4396000,24
"638",1997,"wyoming","WY",2,2950000,20
"639",1998,"alabama","AL",15,14130325,45
"640",1998,"alaska","AK",1,4700000,0
"641",1998,"arizona","AZ",11,4846000,6
"642",1998,"arkansas","AR",2,170000,0
"643",1998,"california","CA",204,227113252,1131
"644",1998,"colorado","CO",6,1070000,0
"645",1998,"connecticut","CT",10,14939166,58
"646",1998,"delaware","DE",3,4750000,31
"647",1998,"district of columbia","DC",1,216000,3
"648",1998,"florida","FL",54,89342334,395
"649",1998,"georgia","GA",30,42159500,157
"650",1998,"hawaii","HI",2,3e+05,0
"651",1998,"idaho","ID",2,5e+05,1
"652",1998,"illinois","IL",56,44486567,210
"653",1998,"indiana","IN",17,22912000,95
"654",1998,"iowa","IA",9,9296667,10
"655",1998,"kansas","KS",9,7100000,81
"656",1998,"kentucky","KY",12,15505202,45
"657",1998,"louisiana","LA",26,38834428,115
"658",1998,"maine","ME",1,425000,0
"659",1998,"maryland","MD",14,26517510,78
"660",1998,"massachusetts","MA",22,36386500,77
"661",1998,"michigan","MI",24,27840333,63
"662",1998,"minnesota","MN",4,11350000,19
"663",1998,"mississippi","MS",17,9938000,70
"664",1998,"missouri","MO",20,23892667,37
"665",1998,"montana","MT",1,225000,0
"666",1998,"nebraska","NE",5,2610000,13
"667",1998,"nevada","NV",4,2395000,19
"668",1998,"new hampshire","NH",2,1940000,0
"669",1998,"new jersey","NJ",26,26899466,84
"670",1998,"new york","NY",63,60747667,247
"671",1998,"north carolina","NC",18,13486667,57
"672",1998,"north dakota","ND",2,766500,19
"673",1998,"ohio","OH",49,59440167,156
"674",1998,"oklahoma","OK",10,5264380,47
"675",1998,"oregon","OR",14,9985500,54
"676",1998,"pennsylvania","PA",41,41130659,149
"677",1998,"rhode island","RI",3,1330000,7
"678",1998,"south carolina","SC",13,7934000,23
"679",1998,"south dakota","SD",2,360000,0
"680",1998,"tennessee","TN",9,7095000,59
"681",1998,"texas","TX",47,51058829,107
"682",1998,"virginia","VA",21,11568000,21
"683",1998,"washington","WA",15,18484167,47
"684",1998,"west virginia","WV",1,1375000,1
"685",1998,"wisconsin","WI",10,6204500,29
"686",1998,"wyoming","WY",2,4200000,12
"687",1999,"alabama","AL",15,12377666,51
"688",1999,"alaska","AK",1,5250000,0
"689",1999,"arizona","AZ",13,4071500,14
"690",1999,"arkansas","AR",4,680000,9
"691",1999,"california","CA",212,276952402,1158
"692",1999,"colorado","CO",6,1330000,6
"693",1999,"connecticut","CT",10,19341666,68
"694",1999,"delaware","DE",3,6019758,29
"695",1999,"florida","FL",58,109162205,424
"696",1999,"georgia","GA",27,44996466,138
"697",1999,"hawaii","HI",2,4e+05,14
"698",1999,"idaho","ID",2,1652500,0
"699",1999,"illinois","IL",53,57876667,211
"700",1999,"indiana","IN",19,24851000,54
"701",1999,"iowa","IA",11,11281667,12
"702",1999,"kansas","KS",8,10562500,60
"703",1999,"kentucky","KY",12,15171804,34
"704",1999,"louisiana","LA",28,45987301,104
"705",1999,"maryland","MD",16,28174063,97
"706",1999,"massachusetts","MA",26,40333998,82
"707",1999,"michigan","MI",25,33257834,80
"708",1999,"minnesota","MN",3,6525000,4
"709",1999,"mississippi","MS",14,10002500,66
"710",1999,"missouri","MO",17,28475000,43
"711",1999,"montana","MT",1,2e+05,2
"712",1999,"nebraska","NE",9,4015000,5
"713",1999,"nevada","NV",2,3715000,24
"714",1999,"new hampshire","NH",1,483333,0
"715",1999,"new jersey","NJ",25,29320999,119
"716",1999,"new york","NY",59,63804516,251
"717",1999,"north carolina","NC",19,19186332,48
"718",1999,"north dakota","ND",2,3050000,13
"719",1999,"ohio","OH",45,68851496,143
"720",1999,"oklahoma","OK",9,5348500,38
"721",1999,"oregon","OR",12,10708500,97
"722",1999,"pennsylvania","PA",39,45660603,148
"723",1999,"rhode island","RI",3,815000,24
"724",1999,"south carolina","SC",11,8432500,72
"725",1999,"south dakota","SD",1,255000,0
"726",1999,"tennessee","TN",9,8710000,84
"727",1999,"texas","TX",51,55302333,151
"728",1999,"utah","UT",1,0,1
"729",1999,"virginia","VA",20,16890000,52
"730",1999,"washington","WA",15,18401000,59
"731",1999,"west virginia","WV",2,1893500,0
"732",1999,"wisconsin","WI",10,10095500,39
"733",1999,"wyoming","WY",1,5750000,4
"734",2000,"alabama","AL",20,10751667,44
"735",2000,"alaska","AK",2,5650000,0
"736",2000,"arizona","AZ",9,3940000,6
"737",2000,"arkansas","AR",6,729000,24
"738",2000,"california","CA",213,294888863,1318
"739",2000,"colorado","CO",6,1193333,5
"740",2000,"connecticut","CT",9,24346667,61
"741",2000,"delaware","DE",5,7409324,31
"742",2000,"district of columbia","DC",2,0,0
"743",2000,"florida","FL",58,103032151,432
"744",2000,"georgia","GA",29,62304385,166
"745",2000,"hawaii","HI",4,450000,15
"746",2000,"idaho","ID",1,2750000,0
"747",2000,"illinois","IL",51,58970500,207
"748",2000,"indiana","IN",13,18865042,64
"749",2000,"iowa","IA",13,16090833,8
"750",2000,"kansas","KS",10,19812500,64
"751",2000,"kentucky","KY",13,15520000,58
"752",2000,"louisiana","LA",25,52268057,77
"753",2000,"maine","ME",1,0,0
"754",2000,"maryland","MD",14,32074866,83
"755",2000,"massachusetts","MA",23,36902751,59
"756",2000,"michigan","MI",21,21873000,77
"757",2000,"minnesota","MN",3,7500000,0
"758",2000,"mississippi","MS",16,11925000,78
"759",2000,"missouri","MO",14,34505000,39
"760",2000,"montana","MT",1,0,0
"761",2000,"nebraska","NE",8,2750000,8
"762",2000,"nevada","NV",4,1335000,22
"763",2000,"new hampshire","NH",1,733333,0
"764",2000,"new jersey","NJ",22,42785000,108
"765",2000,"new mexico","NM",2,0,4
"766",2000,"new york","NY",53,66023682,229
"767",2000,"north carolina","NC",14,26133334,42
"768",2000,"north dakota","ND",2,6250000,25
"769",2000,"ohio","OH",49,64402666,192
"770",2000,"oklahoma","OK",10,4430000,20
"771",2000,"oregon","OR",11,14959500,59
"772",2000,"pennsylvania","PA",32,51774461,131
"773",2000,"rhode island","RI",2,505000,21
"774",2000,"south carolina","SC",15,10412000,64
"775",2000,"south dakota","SD",2,630000,0
"776",2000,"tennessee","TN",11,9230000,98
"777",2000,"texas","TX",58,62249333,154
"778",2000,"utah","UT",1,205000,2
"779",2000,"virginia","VA",24,19710000,54
"780",2000,"washington","WA",17,22022000,79
"781",2000,"west virginia","WV",3,4375000,0
"782",2000,"wisconsin","WI",13,11667500,34
"783",2000,"wyoming","WY",1,6250000,11
"784",2001,"alabama","AL",20,17510750,47
"785",2001,"alaska","AK",4,6500000,0
"786",2001,"arizona","AZ",10,7347500,23
"787",2001,"arkansas","AR",6,2787500,54
"788",2001,"california","CA",208,314565332,1266
"789",2001,"colorado","CO",6,1875000,7
"790",2001,"connecticut","CT",9,14364000,15
"791",2001,"delaware","DE",4,4543667,12
"792",2001,"district of columbia","DC",2,205000,1
"793",2001,"florida","FL",57,124170666,384
"794",2001,"georgia","GA",29,68541453,142
"795",2001,"hawaii","HI",2,260000,6
"796",2001,"idaho","ID",2,3200000,4
"797",2001,"illinois","IL",54,69343334,234
"798",2001,"indiana","IN",16,26866667,58
"799",2001,"iowa","IA",9,13083333,15
"800",2001,"kansas","KS",12,32427500,42
"801",2001,"kentucky","KY",12,9680000,13
"802",2001,"louisiana","LA",24,37206667,26
"803",2001,"maryland","MD",13,36763333,64
"804",2001,"massachusetts","MA",23,30366333,60
"805",2001,"michigan","MI",19,31507000,62
"806",2001,"minnesota","MN",4,7402500,0
"807",2001,"mississippi","MS",17,16826667,72
"808",2001,"missouri","MO",15,22700000,35
"809",2001,"montana","MT",1,0,0
"810",2001,"nebraska","NE",6,4220000,4
"811",2001,"nevada","NV",5,2320000,32
"812",2001,"new hampshire","NH",2,2583333,0
"813",2001,"new jersey","NJ",22,53848667,86
"814",2001,"new mexico","NM",2,460000,1
"815",2001,"new york","NY",46,85939166,284
"816",2001,"north carolina","NC",13,30066667,77
"817",2001,"north dakota","ND",2,7950000,9
"818",2001,"ohio","OH",43,74074666,125
"819",2001,"oklahoma","OK",7,6510000,14
"820",2001,"oregon","OR",12,16507000,84
"821",2001,"pennsylvania","PA",29,61899929,103
"822",2001,"rhode island","RI",2,2300000,32
"823",2001,"south carolina","SC",11,9062500,74
"824",2001,"south dakota","SD",3,4300000,0
"825",2001,"tennessee","TN",13,14043000,91
"826",2001,"texas","TX",63,71273166,132
"827",2001,"utah","UT",5,0,2
"828",2001,"virginia","VA",21,27325333,34
"829",2001,"washington","WA",14,14322500,64
"830",2001,"west virginia","WV",3,6750000,0
"831",2001,"wisconsin","WI",9,19145000,39
"832",2001,"wyoming","WY",1,6250000,8
"833",2002,"alabama","AL",16,19075000,32
"834",2002,"alaska","AK",4,10469000,16
"835",2002,"arizona","AZ",11,6932500,31
"836",2002,"arkansas","AR",6,4922500,67
"837",2002,"california","CA",213,359270122,1125
"838",2002,"colorado","CO",6,3138333,4
"839",2002,"connecticut","CT",14,28904167,41
"840",2002,"delaware","DE",6,1750000,29
"841",2002,"district of columbia","DC",2,240000,0
"842",2002,"florida","FL",57,112772209,278
"843",2002,"georgia","GA",38,66145203,177
"844",2002,"hawaii","HI",3,6e+05,4
"845",2002,"idaho","ID",1,4937500,0
"846",2002,"illinois","IL",50,72116667,204
"847",2002,"indiana","IN",12,22459209,46
"848",2002,"iowa","IA",11,6393333,12
"849",2002,"kansas","KS",11,19840895,19
"850",2002,"kentucky","KY",13,11108000,56
"851",2002,"louisiana","LA",19,32687115,41
"852",2002,"maine","ME",1,0,0
"853",2002,"maryland","MD",11,21595833,37
"854",2002,"massachusetts","MA",20,32145700,66
"855",2002,"michigan","MI",15,33739483,70
"856",2002,"minnesota","MN",5,7668667,1
"857",2002,"mississippi","MS",19,24426667,79
"858",2002,"missouri","MO",14,24448000,41
"859",2002,"nebraska","NE",3,2383333,3
"860",2002,"nevada","NV",5,4670000,25
"861",2002,"new hampshire","NH",2,3450000,0
"862",2002,"new jersey","NJ",24,54080000,64
"863",2002,"new york","NY",47,86083335,194
"864",2002,"north carolina","NC",14,25561719,66
"865",2002,"north dakota","ND",3,9250000,11
"866",2002,"ohio","OH",38,63048500,147
"867",2002,"oklahoma","OK",8,13792500,19
"868",2002,"oregon","OR",10,6248000,59
"869",2002,"pennsylvania","PA",27,62790652,72
"870",2002,"rhode island","RI",1,3800000,27
"871",2002,"south carolina","SC",10,7435000,73
"872",2002,"south dakota","SD",4,5700000,6
"873",2002,"tennessee","TN",9,14008333,72
"874",2002,"texas","TX",67,63766933,144
"875",2002,"utah","UT",6,888000,8
"876",2002,"virginia","VA",18,36440000,48
"877",2002,"washington","WA",18,28068000,80
"878",2002,"west virginia","WV",2,7235000,0
"879",2002,"wisconsin","WI",8,24350000,55
"880",2003,"alabama","AL",18,12910000,27
"881",2003,"alaska","AK",3,10620000,21
"882",2003,"arizona","AZ",12,5640500,39
"883",2003,"arkansas","AR",5,9225900,47
"884",2003,"california","CA",219,366269992,1117
"885",2003,"colorado","CO",6,5250000,1
"886",2003,"connecticut","CT",11,28751067,14
"887",2003,"delaware","DE",5,1242500,6
"888",2003,"district of columbia","DC",3,636000,1
"889",2003,"florida","FL",58,117486867,270
"890",2003,"georgia","GA",40,67623453,214
"891",2003,"hawaii","HI",5,902000,0
"892",2003,"idaho","ID",2,6337500,0
"893",2003,"illinois","IL",47,68178501,157
"894",2003,"indiana","IN",13,16466667,54
"895",2003,"iowa","IA",6,2380000,24
"896",2003,"kansas","KS",9,28103000,40
"897",2003,"kentucky","KY",14,8374000,36
"898",2003,"louisiana","LA",21,19562500,42
"899",2003,"maine","ME",1,318000,0
"900",2003,"maryland","MD",11,27333333,44
"901",2003,"massachusetts","MA",19,32049000,47
"902",2003,"michigan","MI",14,33526667,74
"903",2003,"minnesota","MN",5,8166667,0
"904",2003,"mississippi","MS",16,26707667,67
"905",2003,"missouri","MO",14,14675000,41
"906",2003,"nebraska","NE",4,3183333,4
"907",2003,"nevada","NV",6,5721000,3
"908",2003,"new hampshire","NH",1,0,0
"909",2003,"new jersey","NJ",19,52929500,75
"910",2003,"new mexico","NM",2,0,7
"911",2003,"new york","NY",43,83559100,203
"912",2003,"north carolina","NC",17,30978900,84
"913",2003,"north dakota","ND",3,8552200,18
"914",2003,"ohio","OH",32,50896834,127
"915",2003,"oklahoma","OK",14,10507000,19
"916",2003,"oregon","OR",11,11707500,77
"917",2003,"pennsylvania","PA",30,84708429,60
"918",2003,"rhode island","RI",3,6550000,29
"919",2003,"south carolina","SC",10,10959500,99
"920",2003,"south dakota","SD",6,7507500,9
"921",2003,"tennessee","TN",14,22646933,55
"922",2003,"texas","TX",65,60412500,151
"923",2003,"utah","UT",6,1264000,1
"924",2003,"virginia","VA",16,32892500,30
"925",2003,"washington","WA",18,24603500,86
"926",2003,"west virginia","WV",4,8300000,0
"927",2003,"wisconsin","WI",7,25925000,40
"928",2004,"alabama","AL",17,12714500,27
"929",2004,"alaska","AK",5,14492000,17
"930",2004,"arizona","AZ",12,6031400,30
"931",2004,"arkansas","AR",7,15353200,50
"932",2004,"california","CA",221,343310816,1127
"933",2004,"colorado","CO",9,8011500,0
"934",2004,"connecticut","CT",8,6075400,22
"935",2004,"delaware","DE",4,705000,39
"936",2004,"district of columbia","DC",2,375000,0
"937",2004,"florida","FL",59,117101700,227
"938",2004,"georgia","GA",29,66153619,222
"939",2004,"hawaii","HI",4,909000,0
"940",2004,"idaho","ID",1,7937500,2
"941",2004,"illinois","IL",47,69632934,152
"942",2004,"indiana","IN",12,19176417,61
"943",2004,"iowa","IA",9,6551400,30
"944",2004,"kansas","KS",11,30990000,37
"945",2004,"kentucky","KY",18,13320000,43
"946",2004,"louisiana","LA",22,20549900,45
"947",2004,"maine","ME",1,4e+05,0
"948",2004,"maryland","MD",8,8e+06,50
"949",2004,"massachusetts","MA",11,30712608,57
"950",2004,"michigan","MI",11,28186667,30
"951",2004,"minnesota","MN",10,10879167,13
"952",2004,"mississippi","MS",17,26367500,70
"953",2004,"missouri","MO",14,10552000,38
"954",2004,"nebraska","NE",3,3308333,3
"955",2004,"nevada","NV",7,5296500,7
"956",2004,"new hampshire","NH",1,3e+05,0
"957",2004,"new jersey","NJ",20,46245600,61
"958",2004,"new mexico","NM",1,450000,3
"959",2004,"new york","NY",43,87205367,188
"960",2004,"north carolina","NC",16,27094000,63
"961",2004,"north dakota","ND",3,8066300,37
"962",2004,"ohio","OH",38,33302667,112
"963",2004,"oklahoma","OK",10,10092500,25
"964",2004,"oregon","OR",13,15042500,56
"965",2004,"pennsylvania","PA",31,87731429,77
"966",2004,"rhode island","RI",3,8631500,57
"967",2004,"south carolina","SC",7,14387000,58
"968",2004,"south dakota","SD",5,5802500,2
"969",2004,"tennessee","TN",15,25753633,69
"970",2004,"texas","TX",68,58390625,224
"971",2004,"utah","UT",4,1015000,1
"972",2004,"virginia","VA",18,13997500,62
"973",2004,"washington","WA",17,24843500,86
"974",2004,"west virginia","WV",2,301000,0
"975",2004,"wisconsin","WI",10,31850000,38
"976",2004,"wyoming","WY",2,0,21
"977",2005,"alabama","AL",18,11934700,29
"978",2005,"alaska","AK",5,17980000,5
"979",2005,"arizona","AZ",10,8296000,39
"980",2005,"arkansas","AR",7,21845000,48
"981",2005,"california","CA",216,382830733,1051
"982",2005,"colorado","CO",5,14368500,0
"983",2005,"connecticut","CT",8,13527000,8
"984",2005,"delaware","DE",5,1570000,37
"985",2005,"district of columbia","DC",2,420000,0
"986",2005,"florida","FL",63,99540468,245
"987",2005,"georgia","GA",37,75927785,154
"988",2005,"hawaii","HI",4,336000,2
"989",2005,"idaho","ID",1,8187500,1
"990",2005,"illinois","IL",40,67562378,123
"991",2005,"indiana","IN",14,22575000,50
"992",2005,"iowa","IA",7,11050333,28
"993",2005,"kansas","KS",9,11330000,40
"994",2005,"kentucky","KY",19,12731500,36
"995",2005,"louisiana","LA",22,26724000,65
"996",2005,"maine","ME",2,0,0
"997",2005,"maryland","MD",7,5557000,47
"998",2005,"massachusetts","MA",15,36330608,19
"999",2005,"michigan","MI",11,34533000,53
"1000",2005,"minnesota","MN",10,4838000,32
"1001",2005,"mississippi","MS",18,29895950,77
"1002",2005,"missouri","MO",9,9900000,54
"1003",2005,"nebraska","NE",5,2130000,7
"1004",2005,"nevada","NV",7,6272000,0
"1005",2005,"new hampshire","NH",1,2e+06,0
"1006",2005,"new jersey","NJ",15,44571000,41
"1007",2005,"new mexico","NM",2,0,0
"1008",2005,"new york","NY",38,71787067,205
"1009",2005,"north carolina","NC",18,27380500,92
"1010",2005,"north dakota","ND",4,8627400,40
"1011",2005,"ohio","OH",28,53627292,126
"1012",2005,"oklahoma","OK",12,13575000,37
"1013",2005,"oregon","OR",11,15282500,73
"1014",2005,"pennsylvania","PA",29,85957762,76
"1015",2005,"rhode island","RI",2,9115000,40
"1016",2005,"south carolina","SC",7,19515000,73
"1017",2005,"south dakota","SD",5,8549500,13
"1018",2005,"tennessee","TN",14,23825200,35
"1019",2005,"texas","TX",70,73936450,219
"1020",2005,"utah","UT",5,830000,18
"1021",2005,"vermont","VT",1,0,1
"1022",2005,"virginia","VA",20,20154500,69
"1023",2005,"washington","WA",18,22220133,94
"1024",2005,"west virginia","WV",4,320000,0
"1025",2005,"wisconsin","WI",10,28067500,49
"1026",2005,"wyoming","WY",1,318500,12
"1027",2006,"alabama","AL",16,11794150,71
"1028",2006,"alaska","AK",3,1.8e+07,0
"1029",2006,"arizona","AZ",13,13719000,92
"1030",2006,"arkansas","AR",8,26362200,64
"1031",2006,"california","CA",214,426562216,1136
"1032",2006,"colorado","CO",8,17096500,0
"1033",2006,"connecticut","CT",5,827000,6
"1034",2006,"delaware","DE",5,4855000,19
"1035",2006,"district of columbia","DC",3,950000,1
"1036",2006,"florida","FL",57,86414640,185
"1037",2006,"georgia","GA",41,67502429,251
"1038",2006,"hawaii","HI",6,1039000,7
"1039",2006,"idaho","ID",1,10500000,1
"1040",2006,"illinois","IL",34,62376421,136
"1041",2006,"indiana","IN",14,25424572,48
"1042",2006,"iowa","IA",4,12933333,19
"1043",2006,"kansas","KS",7,19853166,30
"1044",2006,"kentucky","KY",18,21193500,85
"1045",2006,"louisiana","LA",22,45451816,50
"1046",2006,"maine","ME",1,0,0
"1047",2006,"maryland","MD",7,8765000,45
"1048",2006,"massachusetts","MA",13,14693640,13
"1049",2006,"michigan","MI",14,37149000,32
"1050",2006,"minnesota","MN",13,5227000,32
"1051",2006,"mississippi","MS",17,28427600,78
"1052",2006,"missouri","MO",13,17399443,91
"1053",2006,"montana","MT",1,0,0
"1054",2006,"nebraska","NE",3,1184000,4
"1055",2006,"nevada","NV",7,8991000,0
"1056",2006,"new hampshire","NH",3,5e+06,0
"1057",2006,"new jersey","NJ",14,39754000,38
"1058",2006,"new mexico","NM",2,327500,13
"1059",2006,"new york","NY",34,66633360,209
"1060",2006,"north carolina","NC",18,30363393,131
"1061",2006,"north dakota","ND",4,12300000,49
"1062",2006,"ohio","OH",29,42424767,114
"1063",2006,"oklahoma","OK",16,15362000,46
"1064",2006,"oregon","OR",11,21380000,70
"1065",2006,"pennsylvania","PA",24,63357019,73
"1066",2006,"rhode island","RI",4,14930000,53
"1067",2006,"south carolina","SC",9,12700000,45
"1068",2006,"south dakota","SD",5,11041500,19
"1069",2006,"tennessee","TN",14,30436000,25
"1070",2006,"texas","TX",76,99498029,256
"1071",2006,"utah","UT",4,1532000,16
"1072",2006,"vermont","VT",1,331000,2
"1073",2006,"virginia","VA",20,19994000,82
"1074",2006,"washington","WA",20,30141333,94
"1075",2006,"west virginia","WV",4,343000,0
"1076",2006,"wisconsin","WI",11,37455000,30
"1077",2006,"wyoming","WY",1,349500,11
"1078",2007,"alabama","AL",17,18470500,67
"1079",2007,"alaska","AK",4,18675000,7
"1080",2007,"arizona","AZ",17,14860408,97
"1081",2007,"arkansas","AR",6,42450000,58
"1082",2007,"california","CA",219,433845477,931
"1083",2007,"colorado","CO",11,17924500,0
"1084",2007,"connecticut","CT",4,14750000,5
"1085",2007,"delaware","DE",3,4558000,9
"1086",2007,"district of columbia","DC",2,1400000,0
"1087",2007,"florida","FL",70,94329342,264
"1088",2007,"georgia","GA",39,73217992,191
"1089",2007,"hawaii","HI",7,1710703,19
"1090",2007,"idaho","ID",2,16083946,1
"1091",2007,"illinois","IL",39,59509733,109
"1092",2007,"indiana","IN",18,26894637,31
"1093",2007,"iowa","IA",9,12713333,24
"1094",2007,"kansas","KS",7,22960667,35
"1095",2007,"kentucky","KY",20,27838100,114
"1096",2007,"louisiana","LA",19,59233000,27
"1097",2007,"maine","ME",1,0,0
"1098",2007,"maryland","MD",8,12698000,39
"1099",2007,"massachusetts","MA",10,16059000,3
"1100",2007,"michigan","MI",13,38757000,36
"1101",2007,"minnesota","MN",11,8087000,31
"1102",2007,"mississippi","MS",16,23009667,55
"1103",2007,"missouri","MO",12,18001100,51
"1104",2007,"montana","MT",2,380000,0
"1105",2007,"nebraska","NE",7,380000,15
"1106",2007,"nevada","NV",7,13044523,0
"1107",2007,"new hampshire","NH",4,8920000,0
"1108",2007,"new jersey","NJ",13,40005000,52
"1109",2007,"new mexico","NM",1,380000,12
"1110",2007,"new york","NY",28,77806908,210
"1111",2007,"north carolina","NC",16,31801116,123
"1112",2007,"north dakota","ND",3,5185000,33
"1113",2007,"ohio","OH",32,19496300,80
"1114",2007,"oklahoma","OK",17,24045500,75
"1115",2007,"oregon","OR",14,30112041,74
"1116",2007,"pennsylvania","PA",22,54771003,88
"1117",2007,"rhode island","RI",4,15231000,40
"1118",2007,"south carolina","SC",9,10980000,13
"1119",2007,"south dakota","SD",3,5075000,32
"1120",2007,"tennessee","TN",14,28598167,24
"1121",2007,"texas","TX",89,113958548,288
"1122",2007,"utah","UT",3,2050000,0
"1123",2007,"vermont","VT",2,395000,7
"1124",2007,"virginia","VA",16,24193400,88
"1125",2007,"washington","WA",25,33727333,83
"1126",2007,"west virginia","WV",5,380000,3
"1127",2007,"wisconsin","WI",9,29002000,16
"1128",2007,"wyoming","WY",1,440000,18
"1129",2008,"alabama","AL",15,23979500,47
"1130",2008,"alaska","AK",3,2e+06,1
"1131",2008,"arizona","AZ",20,13710000,84
"1132",2008,"arkansas","AR",6,50200000,54
"1133",2008,"california","CA",210,435169382,949
"1134",2008,"colorado","CO",7,10403250,9
"1135",2008,"connecticut","CT",8,16084500,8
"1136",2008,"delaware","DE",2,435000,0
"1137",2008,"district of columbia","DC",3,0,3
"1138",2008,"florida","FL",79,120450056,348
"1139",2008,"georgia","GA",42,92290866,161
"1140",2008,"hawaii","HI",6,1675000,22
"1141",2008,"idaho","ID",2,395000,8
"1142",2008,"illinois","IL",31,52633966,133
"1143",2008,"indiana","IN",20,23729500,35
"1144",2008,"iowa","IA",9,10395000,40
"1145",2008,"kansas","KS",8,24851166,31
"1146",2008,"kentucky","KY",20,38492500,96
"1147",2008,"louisiana","LA",24,67430400,54
"1148",2008,"maryland","MD",11,15514000,47
"1149",2008,"massachusetts","MA",9,9866000,4
"1150",2008,"michigan","MI",15,42169530,39
"1151",2008,"minnesota","MN",8,9355000,21
"1152",2008,"mississippi","MS",13,29500166,57
"1153",2008,"missouri","MO",14,32692500,82
"1154",2008,"montana","MT",3,392500,1
"1155",2008,"nebraska","NE",6,796000,16
"1156",2008,"nevada","NV",6,16864000,1
"1157",2008,"new hampshire","NH",4,11282500,0
"1158",2008,"new jersey","NJ",14,36164000,68
"1159",2008,"new mexico","NM",2,390000,22
"1160",2008,"new york","NY",26,81250883,156
"1161",2008,"north carolina","NC",20,36958222,97
"1162",2008,"north dakota","ND",3,9465000,18
"1163",2008,"ohio","OH",30,34238190,95
"1164",2008,"oklahoma","OK",17,35761500,45
"1165",2008,"oregon","OR",17,36513126,46
"1166",2008,"pennsylvania","PA",17,38037824,42
"1167",2008,"rhode island","RI",4,17521000,44
"1168",2008,"south carolina","SC",5,7041300,14
"1169",2008,"south dakota","SD",5,8200000,32
"1170",2008,"tennessee","TN",15,31245166,7
"1171",2008,"texas","TX",98,127929972,377
"1172",2008,"utah","UT",5,3125000,2
"1173",2008,"vermont","VT",1,390000,9
"1174",2008,"virginia","VA",16,31873766,71
"1175",2008,"washington","WA",26,44248499,89
"1176",2008,"west virginia","WV",4,1145500,0
"1177",2008,"wisconsin","WI",7,15985500,23
"1178",2008,"wyoming","WY",1,2200000,9
"1179",2009,"alabama","AL",13,36452000,55
"1180",2009,"alaska","AK",2,0,1
"1181",2009,"arizona","AZ",20,19770100,83
"1182",2009,"arkansas","AR",8,5e+07,37
"1183",2009,"california","CA",206,441827491,882
"1184",2009,"colorado","CO",9,15080500,14
"1185",2009,"connecticut","CT",7,5640700,8
"1186",2009,"delaware","DE",1,3200000,0
"1187",2009,"district of columbia","DC",3,804000,3
"1188",2009,"florida","FL",81,118642423,345
"1189",2009,"georgia","GA",37,60761500,189
"1190",2009,"hawaii","HI",5,5269680,25
"1191",2009,"idaho","ID",3,15627401,0
"1192",2009,"illinois","IL",30,34434600,150
"1193",2009,"indiana","IN",21,24701800,89
"1194",2009,"iowa","IA",6,8633000,38
"1195",2009,"kansas","KS",9,26268500,40
"1196",2009,"kentucky","KY",21,50875500,92
"1197",2009,"louisiana","LA",19,49905500,40
"1198",2009,"maine","ME",1,0,0
"1199",2009,"maryland","MD",12,24230000,58
"1200",2009,"massachusetts","MA",4,1331000,0
"1201",2009,"michigan","MI",13,39726000,42
"1202",2009,"minnesota","MN",7,14530000,38
"1203",2009,"mississippi","MS",20,32309666,51
"1204",2009,"missouri","MO",16,38268500,67
"1205",2009,"montana","MT",2,4e+05,2
"1206",2009,"nebraska","NE",3,1314575,6
"1207",2009,"nevada","NV",5,22201250,5
"1208",2009,"new hampshire","NH",4,13782583,2
"1209",2009,"new jersey","NJ",19,38002800,73
"1210",2009,"new mexico","NM",3,2225000,24
"1211",2009,"new york","NY",26,76561266,150
"1212",2009,"north carolina","NC",18,40996894,102
"1213",2009,"north dakota","ND",3,13710000,20
"1214",2009,"ohio","OH",25,25113700,72
"1215",2009,"oklahoma","OK",17,39207000,64
"1216",2009,"oregon","OR",13,20605400,48
"1217",2009,"pennsylvania","PA",18,25157900,66
"1218",2009,"rhode island","RI",4,16115000,51
"1219",2009,"south carolina","SC",7,4748877,23
"1220",2009,"south dakota","SD",3,8155000,38
"1221",2009,"tennessee","TN",12,29117500,18
"1222",2009,"texas","TX",92,140789906,368
"1223",2009,"utah","UT",3,4250000,0
"1224",2009,"vermont","VT",2,4e+05,3
"1225",2009,"virginia","VA",18,41860876,106
"1226",2009,"washington","WA",25,41091566,73
"1227",2009,"west virginia","WV",2,2074260,0
"1228",2009,"wisconsin","WI",9,12585000,11
"1229",2009,"wyoming","WY",1,2900000,8
"1230",2010,"alabama","AL",15,45229983,61
"1231",2010,"alaska","AK",2,0,1
"1232",2010,"arizona","AZ",18,26608600,56
"1233",2010,"arkansas","AR",8,56050000,46
"1234",2010,"california","CA",218,409272611,721
"1235",2010,"colorado","CO",10,22394200,20
"1236",2010,"connecticut","CT",7,11125000,20
"1237",2010,"delaware","DE",2,4450000,0
"1238",2010,"district of columbia","DC",4,2175000,5
"1239",2010,"florida","FL",76,107007499,374
"1240",2010,"georgia","GA",39,78854000,188
"1241",2010,"hawaii","HI",6,8245000,42
"1242",2010,"idaho","ID",3,2025000,0
"1243",2010,"illinois","IL",27,26665600,128
"1244",2010,"indiana","IN",19,26048593,65
"1245",2010,"iowa","IA",8,9653000,37
"1246",2010,"kansas","KS",8,23778500,12
"1247",2010,"kentucky","KY",14,38496833,106
"1248",2010,"louisiana","LA",19,68897200,43
"1249",2010,"maine","ME",2,415100,0
"1250",2010,"maryland","MD",11,25021900,44
"1251",2010,"massachusetts","MA",7,1318500,0
"1252",2010,"michigan","MI",13,29486500,27
"1253",2010,"minnesota","MN",7,18450000,35
"1254",2010,"mississippi","MS",18,32499800,74
"1255",2010,"missouri","MO",16,39585000,40
"1256",2010,"montana","MT",3,412500,2
"1257",2010,"nebraska","NE",4,1637975,8
"1258",2010,"nevada","NV",8,18916500,3
"1259",2010,"new hampshire","NH",3,22340971,1
"1260",2010,"new jersey","NJ",21,33868500,58
"1261",2010,"new mexico","NM",2,4450000,14
"1262",2010,"new york","NY",23,77276966,93
"1263",2010,"north carolina","NC",18,46223592,94
"1264",2010,"north dakota","ND",1,11500000,13
"1265",2010,"ohio","OH",23,29195800,74
"1266",2010,"oklahoma","OK",16,47918527,65
"1267",2010,"oregon","OR",14,24398900,39
"1268",2010,"pennsylvania","PA",17,17985600,38
"1269",2010,"rhode island","RI",4,17250000,49
"1270",2010,"south carolina","SC",10,7752500,39
"1271",2010,"south dakota","SD",3,11350000,26
"1272",2010,"tennessee","TN",11,25738171,10
"1273",2010,"texas","TX",97,183383800,341
"1274",2010,"utah","UT",3,4650700,0
"1275",2010,"vermont","VT",1,410000,10
"1276",2010,"virginia","VA",20,54332799,95
"1277",2010,"washington","WA",23,54589266,64
"1278",2010,"west virginia","WV",1,665000,0
"1279",2010,"wisconsin","WI",9,4279500,12
"1280",2010,"wyoming","WY",1,2e+06,20
"1281",2011,"alabama","AL",16,57008783,78
"1282",2011,"alaska","AK",2,418000,3
"1283",2011,"arizona","AZ",19,33847200,100
"1284",2011,"arkansas","AR",8,50672500,34
"1285",2011,"california","CA",209,385963974,717
"1286",2011,"colorado","CO",8,27189500,10
"1287",2011,"connecticut","CT",8,14200000,8
"1288",2011,"delaware","DE",1,0,8
"1289",2011,"district of columbia","DC",2,550000,6
"1290",2011,"florida","FL",88,128746466,460
"1291",2011,"georgia","GA",39,75285000,136
"1292",2011,"hawaii","HI",7,16182500,33
"1293",2011,"idaho","ID",4,2800000,1
"1294",2011,"illinois","IL",30,37786028,141
"1295",2011,"indiana","IN",24,34536703,52
"1296",2011,"iowa","IA",6,10718400,10
"1297",2011,"kansas","KS",9,11562500,23
"1298",2011,"kentucky","KY",17,56484108,102
"1299",2011,"louisiana","LA",17,50482400,39
"1300",2011,"maine","ME",2,1075000,0
"1301",2011,"maryland","MD",10,29489700,45
"1302",2011,"massachusetts","MA",7,1914000,2
"1303",2011,"michigan","MI",16,33819000,28
"1304",2011,"minnesota","MN",14,36182000,20
"1305",2011,"mississippi","MS",16,30624800,42
"1306",2011,"missouri","MO",20,45717000,81
"1307",2011,"montana","MT",3,1252700,3
"1308",2011,"nebraska","NE",7,2800000,24
"1309",2011,"nevada","NV",6,20260500,10
"1310",2011,"new hampshire","NH",4,6918300,3
"1311",2011,"new jersey","NJ",21,29211664,38
"1312",2011,"new mexico","NM",5,6714000,16
"1313",2011,"new york","NY",22,77545766,84
"1314",2011,"north carolina","NC",21,43723930,86
"1315",2011,"north dakota","ND",1,1.3e+07,13
"1316",2011,"ohio","OH",28,62616112,56
"1317",2011,"oklahoma","OK",11,33149274,63
"1318",2011,"oregon","OR",13,29817600,54
"1319",2011,"pennsylvania","PA",19,3303700,63
"1320",2011,"rhode island","RI",3,17550000,45
"1321",2011,"south carolina","SC",10,9564750,54
"1322",2011,"south dakota","SD",2,11250000,19
"1323",2011,"tennessee","TN",16,27144671,18
"1324",2011,"texas","TX",103,209740608,330
"1325",2011,"utah","UT",3,6098200,0
"1326",2011,"vermont","VT",1,425000,0
"1327",2011,"virginia","VA",18,64147533,104
"1328",2011,"washington","WA",16,42199766,62
"1329",2011,"west virginia","WV",2,0,0
"1330",2011,"wisconsin","WI",8,3239000,10
"1331",2011,"wyoming","WY",2,5e+06,16
"1332",2012,"alabama","AL",19,63059733,109
"1333",2012,"alaska","AK",2,972300,1
"1334",2012,"arizona","AZ",16,34209866,92
"1335",2012,"arkansas","AR",8,56984300,19
"1336",2012,"california","CA",201,427927134,766
"1337",2012,"colorado","CO",9,30462500,33
"1338",2012,"connecticut","CT",12,17171000,24
"1339",2012,"delaware","DE",1,482000,20
"1340",2012,"district of columbia","DC",3,1925000,2
"1341",2012,"florida","FL",94,150001595,477
"1342",2012,"georgia","GA",33,85426350,220
"1343",2012,"hawaii","HI",5,22340000,21
"1344",2012,"idaho","ID",5,4090000,5
"1345",2012,"illinois","IL",33,48392098,131
"1346",2012,"indiana","IN",19,33561841,34
"1347",2012,"iowa","IA",6,9073500,4
"1348",2012,"kansas","KS",7,7695000,19
"1349",2012,"kentucky","KY",18,54019808,77
"1350",2012,"louisiana","LA",17,38978158,25
"1351",2012,"maine","ME",4,3680000,6
"1352",2012,"maryland","MD",11,31586500,44
"1353",2012,"massachusetts","MA",8,5183225,16
"1354",2012,"michigan","MI",15,33574000,19
"1355",2012,"minnesota","MN",10,40422690,52
"1356",2012,"mississippi","MS",15,7661000,47
"1357",2012,"missouri","MO",24,49353500,54
"1358",2012,"montana","MT",2,0,0
"1359",2012,"nebraska","NE",9,6450000,17
"1360",2012,"nevada","NV",9,21912000,32
"1361",2012,"new hampshire","NH",4,17489400,0
"1362",2012,"new jersey","NJ",19,30200364,98
"1363",2012,"new mexico","NM",4,4441500,27
"1364",2012,"new york","NY",21,58967250,108
"1365",2012,"north carolina","NC",22,63195450,138
"1366",2012,"north dakota","ND",1,1.3e+07,12
"1367",2012,"ohio","OH",21,59111349,51
"1368",2012,"oklahoma","OK",13,32727362,54
"1369",2012,"oregon","OR",9,27225000,32
"1370",2012,"pennsylvania","PA",24,4937900,53
"1371",2012,"rhode island","RI",4,16450000,35
"1372",2012,"south carolina","SC",9,14795100,56
"1373",2012,"south dakota","SD",4,1e+07,37
"1374",2012,"tennessee","TN",20,20714900,41
"1375",2012,"texas","TX",105,191061908,372
"1376",2012,"utah","UT",1,5500000,0
"1377",2012,"vermont","VT",1,1100000,1
"1378",2012,"virginia","VA",16,77579833,95
"1379",2012,"washington","WA",15,37720300,37
"1380",2012,"west virginia","WV",1,485000,0
"1381",2012,"wisconsin","WI",5,3900000,6
"1382",2012,"wyoming","WY",2,6500000,12
"1383",2013,"alabama","AL",18,65112404,67
"1384",2013,"arizona","AZ",16,43424267,74
"1385",2013,"arkansas","AR",8,55026500,22
"1386",2013,"california","CA",202,470657933,717
"1387",2013,"colorado","CO",9,36096000,14
"1388",2013,"connecticut","CT",9,10314250,25
"1389",2013,"delaware","DE",3,5e+05,36
"1390",2013,"district of columbia","DC",3,2840000,7
"1391",2013,"florida","FL",91,166408618,484
"1392",2013,"georgia","GA",37,96433175,156
"1393",2013,"hawaii","HI",5,25487500,21
"1394",2013,"idaho","ID",4,3789100,0
"1395",2013,"illinois","IL",32,59821029,91
"1396",2013,"indiana","IN",20,32168200,37
"1397",2013,"iowa","IA",6,11798500,8
"1398",2013,"kansas","KS",8,7977500,18
"1399",2013,"kentucky","KY",16,38579262,47
"1400",2013,"louisiana","LA",18,59366057,24
"1401",2013,"maine","ME",4,998000,10
"1402",2013,"maryland","MD",10,36107000,11
"1403",2013,"massachusetts","MA",9,8916700,7
"1404",2013,"michigan","MI",17,19557000,17
"1405",2013,"minnesota","MN",11,44376250,23
"1406",2013,"mississippi","MS",15,14934075,61
"1407",2013,"missouri","MO",25,56241925,51
"1408",2013,"montana","MT",1,0,0
"1409",2013,"nebraska","NE",8,11365500,47
"1410",2013,"nevada","NV",8,24741000,43
"1411",2013,"new hampshire","NH",3,1222500,2
"1412",2013,"new jersey","NJ",18,36912065,72
"1413",2013,"new mexico","NM",3,6983500,9
"1414",2013,"new york","NY",26,77049818,86
"1415",2013,"north carolina","NC",22,73234500,128
"1416",2013,"north dakota","ND",1,2e+06,12
"1417",2013,"ohio","OH",22,56243499,57
"1418",2013,"oklahoma","OK",11,41237735,37
"1419",2013,"oregon","OR",11,19962000,45
"1420",2013,"pennsylvania","PA",22,11646230,91
"1421",2013,"rhode island","RI",3,17551506,23
"1422",2013,"south carolina","SC",13,18364000,51
"1423",2013,"south dakota","SD",3,13242500,11
"1424",2013,"tennessee","TN",19,26093404,37
"1425",2013,"texas","TX",110,246347485,395
"1426",2013,"utah","UT",1,750000,0
"1427",2013,"vermont","VT",1,1100000,3
"1428",2013,"virginia","VA",17,82824929,78
"1429",2013,"washington","WA",16,45121900,57
"1430",2013,"west virginia","WV",2,0,23
"1431",2013,"wisconsin","WI",3,7675000,1
"1432",2013,"wyoming","WY",3,6997000,15
"1433",2014,"alabama","AL",18,69699400,41
"1434",2014,"arizona","AZ",18,46974800,53
"1435",2014,"arkansas","AR",7,59565000,20
"1436",2014,"california","CA",212,507284357,659
"1437",2014,"colorado","CO",5,16022500,13
"1438",2014,"connecticut","CT",15,13439000,53
"1439",2014,"delaware","DE",2,1100000,19
"1440",2014,"district of columbia","DC",4,3252900,14
"1441",2014,"florida","FL",85,207214200,441
"1442",2014,"georgia","GA",40,117652625,158
"1443",2014,"hawaii","HI",6,28250000,17
"1444",2014,"idaho","ID",3,4e+06,0
"1445",2014,"illinois","IL",36,70704366,81
"1446",2014,"indiana","IN",19,25652500,24
"1447",2014,"iowa","IA",4,2528500,3
"1448",2014,"kansas","KS",7,8480000,11
"1449",2014,"kentucky","KY",18,35428845,38
"1450",2014,"louisiana","LA",15,14544475,9
"1451",2014,"maine","ME",3,2862500,7
"1452",2014,"maryland","MD",7,29630000,31
"1453",2014,"massachusetts","MA",9,8942200,7
"1454",2014,"michigan","MI",13,29689000,2
"1455",2014,"minnesota","MN",10,33052500,16
"1456",2014,"mississippi","MS",13,12280900,72
"1457",2014,"missouri","MO",25,56007425,65
"1458",2014,"nebraska","NE",6,14027500,29
"1459",2014,"nevada","NV",7,8158600,20
"1460",2014,"new hampshire","NH",3,11313000,4
"1461",2014,"new jersey","NJ",18,34939500,90
"1462",2014,"new mexico","NM",5,11402000,2
"1463",2014,"new york","NY",26,48489100,39
"1464",2014,"north carolina","NC",23,71396350,91
"1465",2014,"north dakota","ND",1,0,0
"1466",2014,"ohio","OH",28,32466800,53
"1467",2014,"oklahoma","OK",17,41342200,58
"1468",2014,"oregon","OR",9,40692857,32
"1469",2014,"pennsylvania","PA",24,13927740,98
"1470",2014,"rhode island","RI",3,7475000,12
"1471",2014,"south carolina","SC",12,26704500,39
"1472",2014,"south dakota","SD",3,7880000,1
"1473",2014,"tennessee","TN",22,35406200,33
"1474",2014,"texas","TX",108,281388752,287
"1475",2014,"vermont","VT",1,1250000,0
"1476",2014,"virginia","VA",20,91952000,60
"1477",2014,"washington","WA",19,43267500,61
"1478",2014,"west virginia","WV",2,1043400,10
"1479",2014,"wisconsin","WI",5,8500000,4
"1480",2014,"wyoming","WY",2,1e+06,11
"1481",2015,"alabama","AL",17,70345300,11
"1482",2015,"arizona","AZ",13,55022500,61
"1483",2015,"arkansas","AR",5,28936000,23
"1484",2015,"california","CA",212,595637472,762
"1485",2015,"colorado","CO",9,26122000,22
"1486",2015,"connecticut","CT",14,14881090,55
"1487",2015,"delaware","DE",2,3615800,33
"1488",2015,"district of columbia","DC",5,3500000,25
"1489",2015,"florida","FL",105,218952147,497
"1490",2015,"georgia","GA",39,128029800,212
"1491",2015,"hawaii","HI",7,30032800,17
"1492",2015,"idaho","ID",2,517100,0
"1493",2015,"illinois","IL",38,85554716,84
"1494",2015,"indiana","IN",24,46563000,47
"1495",2015,"iowa","IA",5,6545000,3
"1496",2015,"kansas","KS",5,8757800,14
"1497",2015,"kentucky","KY",17,18364001,26
"1498",2015,"louisiana","LA",13,20750750,19
"1499",2015,"maine","ME",3,4575000,9
"1500",2015,"maryland","MD",9,33619000,58
"1501",2015,"massachusetts","MA",11,12158500,24
"1502",2015,"michigan","MI",10,15417500,1
"1503",2015,"minnesota","MN",10,32484000,13
"1504",2015,"mississippi","MS",13,16875700,93
"1505",2015,"missouri","MO",20,84064500,80
"1506",2015,"nebraska","NE",7,15825500,29
"1507",2015,"nevada","NV",11,5183775,79
"1508",2015,"new hampshire","NH",2,2281000,2
"1509",2015,"new jersey","NJ",16,44737500,95
"1510",2015,"new mexico","NM",5,4289000,2
"1511",2015,"new york","NY",29,51618200,70
"1512",2015,"north carolina","NC",27,91527216,107
"1513",2015,"north dakota","ND",1,0,0
"1514",2015,"ohio","OH",27,50883500,80
"1515",2015,"oklahoma","OK",16,40853300,42
"1516",2015,"oregon","OR",11,45779357,32
"1517",2015,"pennsylvania","PA",23,18094980,52
"1518",2015,"rhode island","RI",3,6038600,11
"1519",2015,"south carolina","SC",16,34814300,46
"1520",2015,"south dakota","SD",2,780000,0
"1521",2015,"tennessee","TN",23,41918800,60
"1522",2015,"texas","TX",103,295790791,330
"1523",2015,"virginia","VA",17,98735800,62
"1524",2015,"washington","WA",22,59667200,69
"1525",2015,"west virginia","WV",2,3300000,16
"1526",2015,"wisconsin","WI",5,2.2e+07,11
"1527",2015,"wyoming","WY",1,509600,0
"1528",2016,"alabama","AL",21,68570358,25
"1529",2016,"alaska","AK",1,1500000,0
"1530",2016,"arizona","AZ",11,51229424,79
"1531",2016,"arkansas","AR",5,10920000,0
"1532",2016,"california","CA",207,554877586,876
"1533",2016,"colorado","CO",9,33782000,14
"1534",2016,"connecticut","CT",13,19104208,44
"1535",2016,"delaware","DE",4,6351333,25
"1536",2016,"district of columbia","DC",4,5162500,16
"1537",2016,"florida","FL",115,248974756,587
"1538",2016,"georgia","GA",44,132727778,182
"1539",2016,"hawaii","HI",6,15761900,13
"1540",2016,"idaho","ID",2,512500,0
"1541",2016,"illinois","IL",36,85897742,122
"1542",2016,"indiana","IN",17,36000900,59
"1543",2016,"iowa","IA",8,12006700,9
"1544",2016,"kansas","KS",6,8949900,14
"1545",2016,"kentucky","KY",15,20360000,50
"1546",2016,"louisiana","LA",16,30415348,39
"1547",2016,"maine","ME",1,1500000,3
"1548",2016,"maryland","MD",8,34266300,26
"1549",2016,"massachusetts","MA",11,17080400,4
"1550",2016,"michigan","MI",9,12242500,1
"1551",2016,"minnesota","MN",8,29820000,11
"1552",2016,"mississippi","MS",13,24992900,112
"1553",2016,"missouri","MO",19,54004507,53
"1554",2016,"nebraska","NE",6,13782000,26
"1555",2016,"nevada","NV",14,8226600,83
"1556",2016,"new hampshire","NH",1,3025000,0
"1557",2016,"new jersey","NJ",19,79847121,87
"1558",2016,"new mexico","NM",4,3978200,8
"1559",2016,"new york","NY",28,47502450,45
"1560",2016,"north carolina","NC",21,69402217,133
"1561",2016,"north dakota","ND",1,0,0
"1562",2016,"ohio","OH",29,38480420,69
"1563",2016,"oklahoma","OK",17,51694500,81
"1564",2016,"oregon","OR",8,33874057,41
"1565",2016,"pennsylvania","PA",25,26926600,71
"1566",2016,"rhode island","RI",2,4250000,7
"1567",2016,"south carolina","SC",19,46724500,45
"1568",2016,"south dakota","SD",2,1580000,0
"1569",2016,"tennessee","TN",24,46862175,71
"1570",2016,"texas","TX",100,319403190,370
"1571",2016,"virginia","VA",19,89741401,92
"1572",2016,"washington","WA",19,39106646,63
"1573",2016,"west virginia","WV",1,4e+06,30
"1574",2016,"wisconsin","WI",4,25012500,1
"1575",2016,"wyoming","WY",2,0,1
