"","teamID","Year","Team","TeamName","Wins","Attendance","Salary"
"1","ANA",1997,"ANA","Anaheim Angels",84,1767330,42348972
"2","ANA",1998,"ANA","Anaheim Angels",85,2519280,52133500
"3","ANA",1999,"ANA","Anaheim Angels",70,2253123,53688166
"4","ANA",2000,"ANA","Anaheim Angels",82,2066982,63330834
"5","ANA",2001,"ANA","Anaheim Angels",75,2000919,33778500
"6","ANA",2002,"ANA","Anaheim Angels",99,2305547,64271667
"7","ANA",2003,"ANA","Anaheim Angels",77,3061094,79364167
"8","ANA",2004,"ANA","Anaheim Angels",92,3375677,101383167
"9","ARI",1998,"ARI","Arizona Diamondbacks",65,3610290,38305000
"10","ARI",1999,"ARI","Arizona Diamondbacks",100,3019654,73390999
"11","ARI",2000,"ARI","Arizona Diamondbacks",85,2942251,87662833
"12","ARI",2001,"ARI","Arizona Diamondbacks",92,2736451,80872999
"13","ARI",2002,"ARI","Arizona Diamondbacks",98,3198977,105344999
"14","ARI",2003,"ARI","Arizona Diamondbacks",84,2805542,94664500
"15","ARI",2004,"ARI","Arizona Diamondbacks",51,2519560,72015750
"16","ARI",2005,"ARI","Arizona Diamondbacks",77,2059424,67307166
"17","ARI",2006,"ARI","Arizona Diamondbacks",76,2091685,70209226
"18","ARI",2007,"ARI","Arizona Diamondbacks",90,2325249,65867546
"19","ARI",2008,"ARI","Arizona Diamondbacks",82,2509924,86422712
"20","ARI",2009,"ARI","Arizona Diamondbacks",70,2128765,76148166
"21","ARI",2010,"ARI","Arizona Diamondbacks",65,2056941,71368166
"22","ARI",2011,"ARI","Arizona Diamondbacks",94,2105432,73889833
"23","ARI",2012,"ARI","Arizona Diamondbacks",81,2177617,78974833
"24","ARI",2013,"ARI","Arizona Diamondbacks",81,2134795,91482000
"25","ARI",2014,"ARI","Arizona Diamondbacks",64,2073730,98363500
"26","ARI",2015,"ARI","Arizona Diamondbacks",79,2080145,64441500
"27","ARI",2016,"ARI","Arizona Diamondbacks",69,2036216,87439063
"28","ATL",1985,"ATL","Atlanta Braves",66,1350137,14032000
"29","ATL",1986,"ATL","Atlanta Braves",72,1387181,17872786
"30","ATL",1987,"ATL","Atlanta Braves",69,1217402,13278667
"31","ATL",1988,"ATL","Atlanta Braves",54,848089,13489007
"32","ATL",1989,"ATL","Atlanta Braves",63,984930,9650167
"33","ATL",1990,"ATL","Atlanta Braves",65,980129,14273334
"34","ATL",1991,"ATL","Atlanta Braves",94,2140217,18453500
"35","ATL",1992,"ATL","Atlanta Braves",98,3077400,38733667
"36","ATL",1993,"ATL","Atlanta Braves",104,3884720,45827417
"37","ATL",1994,"ATL","Atlanta Braves",68,2539240,46907846
"38","ATL",1995,"ATL","Atlanta Braves",90,2561831,50670445
"39","ATL",1996,"ATL","Atlanta Braves",96,2901242,55097500
"40","ATL",1997,"ATL","Atlanta Braves",101,3464488,53178500
"41","ATL",1998,"ATL","Atlanta Braves",106,3360860,62488500
"42","ATL",1999,"ATL","Atlanta Braves",103,3284897,75800000
"43","ATL",2000,"ATL","Atlanta Braves",95,3234304,89289625
"44","ATL",2001,"ATL","Atlanta Braves",88,2823530,101391666
"45","ATL",2002,"ATL","Atlanta Braves",101,2603484,90960367
"46","ATL",2003,"ATL","Atlanta Braves",101,2401084,104518667
"47","ATL",2004,"ATL","Atlanta Braves",96,2327565,91582500
"48","ATL",2005,"ATL","Atlanta Braves",90,2521167,90494802
"49","ATL",2006,"ATL","Atlanta Braves",79,2550524,84667333
"50","ATL",2007,"ATL","Atlanta Braves",84,2745207,81970833
"51","ATL",2008,"ATL","Atlanta Braves",72,2532834,108275683
"52","ATL",2009,"ATL","Atlanta Braves",86,2373631,107238666
"53","ATL",2010,"ATL","Atlanta Braves",91,2510119,107271166
"54","ATL",2011,"ATL","Atlanta Braves",89,2372940,98527692
"55","ATL",2012,"ATL","Atlanta Braves",94,2420171,89874942
"56","ATL",2013,"ATL","Atlanta Braves",96,2548679,95442025
"57","ATL",2014,"ATL","Atlanta Braves",79,2354305,102974000
"58","ATL",2015,"ATL","Atlanta Braves",67,2001392,122673750
"59","ATL",2016,"ATL","Atlanta Braves",68,2020914,85458541
"60","BAL",1985,"BAL","Baltimore Orioles",83,2132387,12073212
"61","BAL",1986,"BAL","Baltimore Orioles",73,1973176,12316258
"62","BAL",1987,"BAL","Baltimore Orioles",67,1835692,14201523
"63","BAL",1988,"BAL","Baltimore Orioles",54,1660738,14132075
"64","BAL",1989,"BAL","Baltimore Orioles",87,2535208,9729500
"65","BAL",1990,"BAL","Baltimore Orioles",76,2415189,10493084
"66","BAL",1991,"BAL","Baltimore Orioles",67,2552753,15257334
"67","BAL",1992,"BAL","Baltimore Orioles",89,3567819,25866334
"68","BAL",1993,"BAL","Baltimore Orioles",85,3644965,30546500
"69","BAL",1994,"BAL","Baltimore Orioles",63,2535359,39490487
"70","BAL",1995,"BAL","Baltimore Orioles",71,3098475,51330521
"71","BAL",1996,"BAL","Baltimore Orioles",88,3646950,56949482
"72","BAL",1997,"BAL","Baltimore Orioles",98,3711132,63741400
"73","BAL",1998,"BAL","Baltimore Orioles",79,3684650,80533134
"74","BAL",1999,"BAL","Baltimore Orioles",78,3433150,81759513
"75","BAL",2000,"BAL","Baltimore Orioles",74,3297031,81535646
"76","BAL",2001,"BAL","Baltimore Orioles",63,3094841,59970500
"77","BAL",2002,"BAL","Baltimore Orioles",67,2682439,49492197
"78","BAL",2003,"BAL","Baltimore Orioles",71,2454523,55399500
"79","BAL",2004,"BAL","Baltimore Orioles",78,2744018,45423333
"80","BAL",2005,"BAL","Baltimore Orioles",74,2624740,78675833
"81","BAL",2006,"BAL","Baltimore Orioles",70,2153139,72631082
"82","BAL",2007,"BAL","Baltimore Orioles",69,2164822,86922052
"83","BAL",2008,"BAL","Baltimore Orioles",68,1950075,61169580
"84","BAL",2009,"BAL","Baltimore Orioles",64,1907163,67532566
"85","BAL",2010,"BAL","Baltimore Orioles",66,1733018,82017500
"86","BAL",2011,"BAL","Baltimore Orioles",69,1755461,85901298
"87","BAL",2012,"BAL","Baltimore Orioles",93,2102240,87003999
"88","BAL",2013,"BAL","Baltimore Orioles",85,2357561,99889333
"89","BAL",2014,"BAL","Baltimore Orioles",96,2464473,113841000
"90","BAL",2015,"BAL","Baltimore Orioles",81,2281202,122982333
"91","BAL",2016,"BAL","Baltimore Orioles",89,2172344,168093456
"92","BOS",1985,"BOS","Boston Red Sox",81,1786633,10762227
"93","BOS",1986,"BOS","Boston Red Sox",95,2147641,15534891
"94","BOS",1987,"BOS","Boston Red Sox",78,2231551,10937790
"95","BOS",1988,"BOS","Boston Red Sox",89,2464851,14683723
"96","BOS",1989,"BOS","Boston Red Sox",83,2510012,17806748
"97","BOS",1990,"BOS","Boston Red Sox",88,2528986,24053333
"98","BOS",1991,"BOS","Boston Red Sox",84,2562435,33917500
"99","BOS",1992,"BOS","Boston Red Sox",73,2468574,42237250
"100","BOS",1993,"BOS","Boston Red Sox",80,2422021,42587250
"101","BOS",1994,"BOS","Boston Red Sox",54,1775818,41289084
"102","BOS",1995,"BOS","Boston Red Sox",86,2164410,38784018
"103","BOS",1996,"BOS","Boston Red Sox",85,2315231,42674500
"104","BOS",1997,"BOS","Boston Red Sox",78,2226136,44214750
"105","BOS",1998,"BOS","Boston Red Sox",92,2314704,55777000
"106","BOS",1999,"BOS","Boston Red Sox",94,2446162,73347500
"107","BOS",2000,"BOS","Boston Red Sox",85,2585895,91327833
"108","BOS",2001,"BOS","Boston Red Sox",82,2625333,115428333
"109","BOS",2002,"BOS","Boston Red Sox",93,2650862,116111060
"110","BOS",2003,"BOS","Boston Red Sox",95,2724165,110440667
"111","BOS",2004,"BOS","Boston Red Sox",98,2837294,144135667
"112","BOS",2005,"BOS","Boston Red Sox",95,2847888,136753458
"113","BOS",2006,"BOS","Boston Red Sox",86,2930588,129132324
"114","BOS",2007,"BOS","Boston Red Sox",96,2970755,143126214
"115","BOS",2008,"BOS","Boston Red Sox",95,3048250,137565035
"116","BOS",2009,"BOS","Boston Red Sox",95,3062699,144360999
"117","BOS",2010,"BOS","Boston Red Sox",89,3046443,163170913
"118","BOS",2011,"BOS","Boston Red Sox",90,3054001,169026475
"119","BOS",2012,"BOS","Boston Red Sox",69,3043003,165501117
"120","BOS",2013,"BOS","Boston Red Sox",97,2833333,175189771
"121","BOS",2014,"BOS","Boston Red Sox",71,2956089,174892929
"122","BOS",2015,"BOS","Boston Red Sox",78,2880694,184048900
"123","BOS",2016,"BOS","Boston Red Sox",93,2955434,191725261
"124","CAL",1985,"ANA","California Angels",90,2567427,13191227
"125","CAL",1986,"ANA","California Angels",92,2655872,14047258
"126","CAL",1987,"ANA","California Angels",75,2696299,14097999
"127","CAL",1988,"ANA","California Angels",75,2340925,12189888
"128","CAL",1989,"ANA","California Angels",91,2647291,15097833
"129","CAL",1990,"ANA","California Angels",80,2555688,23248652
"130","CAL",1991,"ANA","California Angels",81,2416236,30660001
"131","CAL",1992,"ANA","California Angels",72,2065444,35474334
"132","CAL",1993,"ANA","California Angels",71,2057460,31435334
"133","CAL",1994,"ANA","California Angels",47,1512622,22000500
"134","CAL",1995,"ANA","California Angels",78,1748680,35818171
"135","CAL",1996,"ANA","California Angels",70,1820521,29633000
"136","CHA",1985,"CHW","Chicago White Sox",85,1669888,9383178
"137","CHA",1986,"CHW","Chicago White Sox",72,1424313,16443540
"138","CHA",1987,"CHW","Chicago White Sox",77,1208060,10366843
"139","CHA",1988,"CHW","Chicago White Sox",71,1115749,6730500
"140","CHA",1989,"CHW","Chicago White Sox",69,1045651,9805691
"141","CHA",1990,"CHW","Chicago White Sox",94,2002357,8541500
"142","CHA",1991,"CHW","Chicago White Sox",87,2934154,17019667
"143","CHA",1992,"CHW","Chicago White Sox",86,2681156,30146833
"144","CHA",1993,"CHW","Chicago White Sox",94,2581091,46146166
"145","CHA",1994,"CHW","Chicago White Sox",67,1697398,36728836
"146","CHA",1995,"CHW","Chicago White Sox",68,1609773,39904282
"147","CHA",1996,"CHW","Chicago White Sox",85,1676403,48639500
"148","CHA",1997,"CHW","Chicago White Sox",80,1864782,53207500
"149","CHA",1998,"CHW","Chicago White Sox",80,1391146,36905000
"150","CHA",1999,"CHW","Chicago White Sox",75,1338851,24770000
"151","CHA",2000,"CHW","Chicago White Sox",95,1947799,30293500
"152","CHA",2001,"CHW","Chicago White Sox",83,1766172,66103667
"153","CHA",2002,"CHW","Chicago White Sox",81,1676911,56092833
"154","CHA",2003,"CHW","Chicago White Sox",86,1939524,70630000
"155","CHA",2004,"CHW","Chicago White Sox",83,1930537,84987500
"156","CHA",2005,"CHW","Chicago White Sox",99,2342833,75435000
"157","CHA",2006,"CHW","Chicago White Sox",90,2957414,103180667
"158","CHA",2007,"CHW","Chicago White Sox",72,2684395,109541833
"159","CHA",2008,"CHW","Chicago White Sox",89,2500648,136579527
"160","CHA",2009,"CHW","Chicago White Sox",79,2284163,115653500
"161","CHA",2010,"CHW","Chicago White Sox",88,2194378,123025006
"162","CHA",2011,"CHW","Chicago White Sox",79,2001117,131289000
"163","CHA",2012,"CHW","Chicago White Sox",85,1965955,119738000
"164","CHA",2013,"CHW","Chicago White Sox",63,1768413,99893406
"165","CHA",2014,"CHW","Chicago White Sox",73,1650821,78085200
"166","CHA",2015,"CHW","Chicago White Sox",76,1755810,112893700
"167","CHA",2016,"CHW","Chicago White Sox",78,1746293,130998667
"168","CHN",1985,"CHC","Chicago Cubs",77,2161534,13227917
"169","CHN",1986,"CHC","Chicago Cubs",70,1859102,17418165
"170","CHN",1987,"CHC","Chicago Cubs",76,2035130,13622999
"171","CHN",1988,"CHC","Chicago Cubs",77,2089034,12768365
"172","CHN",1989,"CHC","Chicago Cubs",93,2491942,11296000
"173","CHN",1990,"CHC","Chicago Cubs",77,2243791,13674000
"174","CHN",1991,"CHC","Chicago Cubs",77,2314250,21930667
"175","CHN",1992,"CHC","Chicago Cubs",78,2126720,34929686
"176","CHN",1993,"CHC","Chicago Cubs",84,2653763,40284666
"177","CHN",1994,"CHC","Chicago Cubs",49,1845208,36678333
"178","CHN",1995,"CHC","Chicago Cubs",73,1918265,36950834
"179","CHN",1996,"CHC","Chicago Cubs",76,2219110,30365000
"180","CHN",1997,"CHC","Chicago Cubs",68,2190308,47610333
"181","CHN",1998,"CHC","Chicago Cubs",90,2623194,56372000
"182","CHN",1999,"CHC","Chicago Cubs",67,2813854,59013000
"183","CHN",2000,"CHC","Chicago Cubs",65,2789511,67346833
"184","CHN",2001,"CHC","Chicago Cubs",88,2779465,74215833
"185","CHN",2002,"CHC","Chicago Cubs",67,2693096,75710333
"186","CHN",2003,"CHC","Chicago Cubs",88,2962630,86758333
"187","CHN",2004,"CHC","Chicago Cubs",89,3170154,94010000
"188","CHN",2005,"CHC","Chicago Cubs",79,3099992,90341800
"189","CHN",2006,"CHC","Chicago Cubs",66,3123215,106063575
"190","CHN",2007,"CHC","Chicago Cubs",85,3252462,117302826
"191","CHN",2008,"CHC","Chicago Cubs",97,3300200,132870833
"192","CHN",2009,"CHC","Chicago Cubs",83,3168859,136724000
"193","CHN",2010,"CHC","Chicago Cubs",75,3062973,132944000
"194","CHN",2011,"CHC","Chicago Cubs",71,3017966,139306732
"195","CHN",2012,"CHC","Chicago Cubs",61,2882756,75397033
"196","CHN",2013,"CHC","Chicago Cubs",66,2642682,99275975
"197","CHN",2014,"CHC","Chicago Cubs",73,2652113,61247500
"198","CHN",2015,"CHC","Chicago Cubs",97,2919122,125486610
"199","CHN",2016,"CHC","Chicago Cubs",103,3232420,173808111
"200","CIN",1985,"CIN","Cincinnati Reds",89,1834619,9787417
"201","CIN",1986,"CIN","Cincinnati Reds",86,1692432,11501388
"202","CIN",1987,"CIN","Cincinnati Reds",84,2185205,9536500
"203","CIN",1988,"CIN","Cincinnati Reds",87,2072528,9073409
"204","CIN",1989,"CIN","Cincinnati Reds",75,1979320,12013000
"205","CIN",1990,"CIN","Cincinnati Reds",91,2400892,16512500
"206","CIN",1991,"CIN","Cincinnati Reds",74,2372377,26213666
"207","CIN",1992,"CIN","Cincinnati Reds",90,2315946,35168999
"208","CIN",1993,"CIN","Cincinnati Reds",73,2453232,41231166
"209","CIN",1994,"CIN","Cincinnati Reds",66,1897681,35884500
"210","CIN",1995,"CIN","Cincinnati Reds",85,1837649,51469282
"211","CIN",1996,"CIN","Cincinnati Reds",81,1861428,37033334
"212","CIN",1997,"CIN","Cincinnati Reds",76,1785788,44493000
"213","CIN",1998,"CIN","Cincinnati Reds",77,1793649,22135000
"214","CIN",1999,"CIN","Cincinnati Reds",96,2061222,32750761
"215","CIN",2000,"CIN","Cincinnati Reds",85,2577371,39537200
"216","CIN",2001,"CIN","Cincinnati Reds",66,1879757,55566000
"217","CIN",2002,"CIN","Cincinnati Reds",78,1855787,55895890
"218","CIN",2003,"CIN","Cincinnati Reds",69,2355259,56515667
"219","CIN",2004,"CIN","Cincinnati Reds",76,2287250,48240250
"220","CIN",2005,"CIN","Cincinnati Reds",73,1943067,61870583
"221","CIN",2006,"CIN","Cincinnati Reds",80,2134607,79293519
"222","CIN",2007,"CIN","Cincinnati Reds",72,2058593,68532480
"223","CIN",2008,"CIN","Cincinnati Reds",74,2058632,44710000
"224","CIN",2009,"CIN","Cincinnati Reds",78,1747919,80213500
"225","CIN",2010,"CIN","Cincinnati Reds",91,2060550,71195542
"226","CIN",2011,"CIN","Cincinnati Reds",79,2213588,75947134
"227","CIN",2012,"CIN","Cincinnati Reds",97,2347251,77425925
"228","CIN",2013,"CIN","Cincinnati Reds",90,2534369,107104462
"229","CIN",2014,"CIN","Cincinnati Reds",76,2476664,108217500
"230","CIN",2015,"CIN","Cincinnati Reds",64,2419506,113072286
"231","CIN",2016,"CIN","Cincinnati Reds",68,1894085,88432059
"232","CLE",1985,"CLE","Cleveland Indians",60,655181,6851666
"233","CLE",1986,"CLE","Cleveland Indians",84,1471805,7709500
"234","CLE",1987,"CLE","Cleveland Indians",61,1077898,8585250
"235","CLE",1988,"CLE","Cleveland Indians",78,1411610,8656500
"236","CLE",1989,"CLE","Cleveland Indians",73,1285542,8864500
"237","CLE",1990,"CLE","Cleveland Indians",77,1225240,14942000
"238","CLE",1991,"CLE","Cleveland Indians",57,1051863,17430000
"239","CLE",1992,"CLE","Cleveland Indians",76,1224094,8696044
"240","CLE",1993,"CLE","Cleveland Indians",76,2177908,16532500
"241","CLE",1994,"CLE","Cleveland Indians",66,1995174,29820500
"242","CLE",1995,"CLE","Cleveland Indians",100,2842745,42811835
"243","CLE",1996,"CLE","Cleveland Indians",99,3318174,56867360
"244","CLE",1997,"CLE","Cleveland Indians",86,3404750,59623460
"245","CLE",1998,"CLE","Cleveland Indians",89,3467299,64465166
"246","CLE",1999,"CLE","Cleveland Indians",97,3468456,76955962
"247","CLE",2000,"CLE","Cleveland Indians",90,3456278,89797438
"248","CLE",2001,"CLE","Cleveland Indians",91,3175523,88434001
"249","CLE",2002,"CLE","Cleveland Indians",74,2616940,85902949
"250","CLE",2003,"CLE","Cleveland Indians",68,1730002,40634834
"251","CLE",2004,"CLE","Cleveland Indians",80,1814401,34207800
"252","CLE",2005,"CLE","Cleveland Indians",93,2013763,39529800
"253","CLE",2006,"CLE","Cleveland Indians",78,1997995,46971500
"254","CLE",2007,"CLE","Cleveland Indians",96,2275912,66897867
"255","CLE",2008,"CLE","Cleveland Indians",81,2169760,73337566
"256","CLE",2009,"CLE","Cleveland Indians",65,1766242,66112141
"257","CLE",2010,"CLE","Cleveland Indians",69,1394812,60778966
"258","CLE",2011,"CLE","Cleveland Indians",80,1840835,54576566
"259","CLE",2012,"CLE","Cleveland Indians",68,1603596,65142800
"260","CLE",2013,"CLE","Cleveland Indians",92,1572926,78925425
"261","CLE",2014,"CLE","Cleveland Indians",85,1437393,83176899
"262","CLE",2015,"CLE","Cleveland Indians",81,1388905,59163766
"263","CLE",2016,"CLE","Cleveland Indians",94,1591667,94471900
"264","COL",1993,"COL","Colorado Rockies",67,4483350,15419500
"265","COL",1994,"COL","Colorado Rockies",53,3281511,23769333
"266","COL",1995,"COL","Colorado Rockies",77,3390037,39208707
"267","COL",1996,"COL","Colorado Rockies",83,3891014,32366832
"268","COL",1997,"COL","Colorado Rockies",83,3888453,47237667
"269","COL",1998,"COL","Colorado Rockies",77,3792683,52954648
"270","COL",1999,"COL","Colorado Rockies",72,3481065,60260837
"271","COL",2000,"COL","Colorado Rockies",82,3295129,50738690
"272","COL",2001,"COL","Colorado Rockies",73,3166821,74294834
"273","COL",2002,"COL","Colorado Rockies",73,2737838,57513543
"274","COL",2003,"COL","Colorado Rockies",74,2334085,61233667
"275","COL",2004,"COL","Colorado Rockies",68,2338069,59715167
"276","COL",2005,"COL","Colorado Rockies",67,1914389,49351000
"277","COL",2006,"COL","Colorado Rockies",76,2104362,51865833
"278","COL",2007,"COL","Colorado Rockies",90,2376250,59441000
"279","COL",2008,"COL","Colorado Rockies",74,2650218,75675500
"280","COL",2009,"COL","Colorado Rockies",92,2665080,76330000
"281","COL",2010,"COL","Colorado Rockies",83,2875245,87074000
"282","COL",2011,"COL","Colorado Rockies",73,2909777,97024071
"283","COL",2012,"COL","Colorado Rockies",64,2630458,82708571
"284","COL",2013,"COL","Colorado Rockies",74,2793828,72684071
"285","COL",2014,"COL","Colorado Rockies",66,2680329,94901500
"286","COL",2015,"COL","Colorado Rockies",68,2506789,117688600
"287","COL",2016,"COL","Colorado Rockies",75,2602524,77126071
"288","DET",1985,"DET","Detroit Tigers",84,2286609,10908143
"289","DET",1986,"DET","Detroit Tigers",87,1899437,12804047
"290","DET",1987,"DET","Detroit Tigers",98,2061830,13290381
"291","DET",1988,"DET","Detroit Tigers",88,2081162,13167071
"292","DET",1989,"DET","Detroit Tigers",59,1543656,14206071
"293","DET",1990,"DET","Detroit Tigers",79,1495785,20359238
"294","DET",1991,"DET","Detroit Tigers",84,1641661,23188333
"295","DET",1992,"DET","Detroit Tigers",75,1423963,28106168
"296","DET",1993,"DET","Detroit Tigers",85,1971421,39497998
"297","DET",1994,"DET","Detroit Tigers",53,1184783,42146501
"298","DET",1995,"DET","Detroit Tigers",60,1180979,35070501
"299","DET",1996,"DET","Detroit Tigers",53,1168610,30406000
"300","DET",1997,"DET","Detroit Tigers",79,1365157,18657500
"301","DET",1998,"DET","Detroit Tigers",65,1409391,23575000
"302","DET",1999,"DET","Detroit Tigers",69,2026441,41543000
"303","DET",2000,"DET","Detroit Tigers",79,2438617,57825167
"304","DET",2001,"DET","Detroit Tigers",66,1921305,59316167
"305","DET",2002,"DET","Detroit Tigers",55,1503623,53337500
"306","DET",2003,"DET","Detroit Tigers",43,1368245,49194000
"307","DET",2004,"DET","Detroit Tigers",72,1917004,46203000
"308","DET",2005,"DET","Detroit Tigers",71,2024431,68777500
"309","DET",2006,"DET","Detroit Tigers",95,2595937,86132866
"310","DET",2007,"DET","Detroit Tigers",88,3047133,87895369
"311","DET",2008,"DET","Detroit Tigers",74,3202645,142915362
"312","DET",2009,"DET","Detroit Tigers",86,2567165,124185145
"313","DET",2010,"DET","Detroit Tigers",81,2461237,107439928
"314","DET",2011,"DET","Detroit Tigers",95,2642045,111970131
"315","DET",2012,"DET","Detroit Tigers",88,3028033,131300000
"316","DET",2013,"DET","Detroit Tigers",93,3083397,146847000
"317","DET",2014,"DET","Detroit Tigers",90,2917209,182855500
"318","DET",2015,"DET","Detroit Tigers",74,2726048,176918450
"319","DET",2016,"DET","Detroit Tigers",86,2493859,193860481
"320","FLO",1993,"FLA","Florida Marlins",64,3064847,23588545
"321","FLO",1994,"FLA","Florida Marlins",51,1937467,21363000
"322","FLO",1995,"FLA","Florida Marlins",67,1700466,24406781
"323","FLO",1996,"FLA","Florida Marlins",80,1746767,29224000
"324","FLO",1997,"FLA","Florida Marlins",92,2364387,53805500
"325","FLO",1998,"FLA","Florida Marlins",54,1730384,44957667
"326","FLO",1999,"FLA","Florida Marlins",64,1369421,18298000
"327","FLO",2000,"FLA","Florida Marlins",79,1218326,18596000
"328","FLO",2001,"FLA","Florida Marlins",76,1261226,26360500
"329","FLO",2002,"FLA","Florida Marlins",79,813118,40990417
"330","FLO",2003,"FLA","Florida Marlins",91,1303215,53650000
"331","FLO",2004,"FLA","Florida Marlins",83,1723105,55678042
"332","FLO",2005,"FLA","Florida Marlins",83,1852608,64533834
"333","FLO",2006,"FLA","Florida Marlins",78,1164134,15002500
"334","FLO",2007,"FLA","Florida Marlins",71,1370511,36778219
"335","FLO",2008,"FLA","Florida Marlins",84,1335076,26841500
"336","FLO",2009,"FLA","Florida Marlins",87,1464109,42884000
"337","FLO",2010,"FLA","Florida Marlins",80,1535226,57029719
"338","FLO",2011,"FLA","Florida Marlins",72,1477462,56944000
"339","HOU",1985,"HOU","Houston Astros",83,1184314,10068051
"340","HOU",1986,"HOU","Houston Astros",96,1734276,10818276
"341","HOU",1987,"HOU","Houston Astros",76,1909902,12565871
"342","HOU",1988,"HOU","Houston Astros",82,1933505,13103167
"343","HOU",1989,"HOU","Houston Astros",86,1834908,16182000
"344","HOU",1990,"HOU","Houston Astros",75,1310927,16209000
"345","HOU",1991,"HOU","Houston Astros",65,1196152,12852500
"346","HOU",1992,"HOU","Houston Astros",81,1211412,15202500
"347","HOU",1993,"HOU","Houston Astros",85,2084618,30092500
"348","HOU",1994,"HOU","Houston Astros",66,1561136,34106000
"349","HOU",1995,"HOU","Houston Astros",76,1363801,31195834
"350","HOU",1996,"HOU","Houston Astros",82,1975888,26403000
"351","HOU",1997,"HOU","Houston Astros",84,2046781,34947500
"352","HOU",1998,"HOU","Houston Astros",102,2458451,47675000
"353","HOU",1999,"HOU","Houston Astros",97,2706017,50289000
"354","HOU",2000,"HOU","Houston Astros",72,3056139,50314111
"355","HOU",2001,"HOU","Houston Astros",93,2904277,58512667
"356","HOU",2002,"HOU","Houston Astros",84,2517357,69348417
"357","HOU",2003,"HOU","Houston Astros",87,2454241,68980000
"358","HOU",2004,"HOU","Houston Astros",92,3087872,85015500
"359","HOU",2005,"HOU","Houston Astros",89,2804760,76414000
"360","HOU",2006,"HOU","Houston Astros",82,3022763,76242083
"361","HOU",2007,"HOU","Houston Astros",73,3020405,90079000
"362","HOU",2008,"HOU","Houston Astros",86,2779487,97690414
"363","HOU",2009,"HOU","Houston Astros",74,2521076,103456414
"364","HOU",2010,"HOU","Houston Astros",76,2331490,92010000
"365","HOU",2011,"HOU","Houston Astros",56,2067016,64708000
"366","HOU",2012,"HOU","Houston Astros",55,1607733,54186000
"367","HOU",2013,"HOU","Houston Astros",51,1651883,14082200
"368","HOU",2014,"HOU","Houston Astros",70,1751829,36136300
"369","HOU",2015,"HOU","Houston Astros",86,2153585,93768700
"370","HOU",2016,"HOU","Houston Astros",84,2306623,94395500
"371","KCA",1985,"KCR","Kansas City Royals",91,2162717,10226179
"372","KCA",1986,"KCR","Kansas City Royals",76,2320794,12643698
"373","KCA",1987,"KCR","Kansas City Royals",83,2392471,11958056
"374","KCA",1988,"KCR","Kansas City Royals",84,2350181,12946562
"375","KCA",1989,"KCR","Kansas City Royals",92,2477700,16590706
"376","KCA",1990,"KCR","Kansas City Royals",75,2244956,23201084
"377","KCA",1991,"KCR","Kansas City Royals",82,2161537,29261500
"378","KCA",1992,"KCR","Kansas City Royals",72,1867689,32377834
"379","KCA",1993,"KCR","Kansas City Royals",84,1934578,39976500
"380","KCA",1994,"KCR","Kansas City Royals",64,1400494,43541334
"381","KCA",1995,"KCR","Kansas City Royals",70,1233530,30486167
"382","KCA",1996,"KCR","Kansas City Royals",75,1435997,19818250
"383","KCA",1997,"KCR","Kansas City Royals",67,1517638,35995000
"384","KCA",1998,"KCR","Kansas City Royals",72,1494875,35862500
"385","KCA",1999,"KCR","Kansas City Royals",64,1506068,24213500
"386","KCA",2000,"KCR","Kansas City Royals",77,1564847,23381000
"387","KCA",2001,"KCR","Kansas City Royals",65,1536371,29550000
"388","KCA",2002,"KCR","Kansas City Royals",62,1323036,47257000
"389","KCA",2003,"KCR","Kansas City Royals",83,1779895,51118000
"390","KCA",2004,"KCR","Kansas City Royals",58,1661478,35817500
"391","KCA",2005,"KCR","Kansas City Royals",56,1371181,29621000
"392","KCA",2006,"KCR","Kansas City Royals",62,1372638,52617700
"393","KCA",2007,"KCR","Kansas City Royals",69,1616867,61842500
"394","KCA",2008,"KCR","Kansas City Royals",75,1578922,57770500
"395","KCA",2009,"KCR","Kansas City Royals",65,1797891,72408333
"396","KCA",2010,"KCR","Kansas City Royals",67,1615324,62855210
"397","KCA",2011,"KCR","Kansas City Royals",71,1724450,30322000
"398","KCA",2012,"KCR","Kansas City Royals",72,1739859,45297825
"399","KCA",2013,"KCR","Kansas City Royals",86,1750754,85921225
"400","KCA",2014,"KCR","Kansas City Royals",89,1956482,87554275
"401","KCA",2015,"KCR","Kansas City Royals",95,2708549,119344525
"402","KCA",2016,"KCR","Kansas City Royals",81,2557712,129899625
"403","LAA",2005,"ANA","Los Angeles Angels of Anaheim",95,3404686,85450322
"404","LAA",2006,"ANA","Los Angeles Angels of Anaheim",89,3406790,102222000
"405","LAA",2007,"ANA","Los Angeles Angels of Anaheim",94,3365632,109248833
"406","LAA",2008,"ANA","Los Angeles Angels of Anaheim",100,3336747,108266333
"407","LAA",2009,"ANA","Los Angeles Angels of Anaheim",97,3240386,119709000
"408","LAA",2010,"ANA","Los Angeles Angels of Anaheim",80,3250816,100463866
"409","LAA",2011,"ANA","Los Angeles Angels of Anaheim",86,3166321,135154166
"410","LAA",2012,"ANA","Los Angeles Angels of Anaheim",89,3061770,167512766
"411","LAA",2013,"ANA","Los Angeles Angels of Anaheim",78,3019505,117668270
"412","LAA",2014,"ANA","Los Angeles Angels of Anaheim",98,3095935,130973250
"413","LAA",2015,"ANA","Los Angeles Angels of Anaheim",85,3012765,133417915
"414","LAA",2016,"ANA","Los Angeles Angels of Anaheim",74,3016142,122644333
"415","LAN",1985,"LAD","Los Angeles Dodgers",95,3264593,11628417
"416","LAN",1986,"LAD","Los Angeles Dodgers",73,3023208,14470276
"417","LAN",1987,"LAD","Los Angeles Dodgers",73,2797409,11056653
"418","LAN",1988,"LAD","Los Angeles Dodgers",94,2980262,17002515
"419","LAN",1989,"LAD","Los Angeles Dodgers",77,2944653,20130562
"420","LAN",1990,"LAD","Los Angeles Dodgers",86,3002396,20805704
"421","LAN",1991,"LAD","Los Angeles Dodgers",93,3348170,34445664
"422","LAN",1992,"LAD","Los Angeles Dodgers",63,2473266,39828166
"423","LAN",1993,"LAD","Los Angeles Dodgers",81,3170393,37331999
"424","LAN",1994,"LAD","Los Angeles Dodgers",58,2279355,34700001
"425","LAN",1995,"LAD","Los Angeles Dodgers",78,2766251,40309201
"426","LAN",1996,"LAD","Los Angeles Dodgers",90,3188454,35332000
"427","LAN",1997,"LAD","Los Angeles Dodgers",88,3319504,44990304
"428","LAN",1998,"LAD","Los Angeles Dodgers",83,3089222,42120000
"429","LAN",1999,"LAD","Los Angeles Dodgers",77,3095346,74679119
"430","LAN",2000,"LAD","Los Angeles Dodgers",86,2880242,85824286
"431","LAN",2001,"LAD","Los Angeles Dodgers",86,3017143,104022620
"432","LAN",2002,"LAD","Los Angeles Dodgers",92,3131255,83378453
"433","LAN",2003,"LAD","Los Angeles Dodgers",85,3138626,122739287
"434","LAN",2004,"LAD","Los Angeles Dodgers",93,3488283,70202667
"435","LAN",2005,"LAD","Los Angeles Dodgers",71,3603646,69639000
"436","LAN",2006,"LAD","Los Angeles Dodgers",88,3758545,91239687
"437","LAN",2007,"LAD","Los Angeles Dodgers",82,3857036,119915447
"438","LAN",2008,"LAD","Los Angeles Dodgers",84,3730553,105078135
"439","LAN",2009,"LAD","Los Angeles Dodgers",95,3761655,113908592
"440","LAN",2010,"LAD","Los Angeles Dodgers",80,3562320,77883510
"441","LAN",2011,"LAD","Los Angeles Dodgers",82,2935139,109438999
"442","LAN",2012,"LAD","Los Angeles Dodgers",86,3324246,129293075
"443","LAN",2013,"LAD","Los Angeles Dodgers",92,3743527,258150672
"444","LAN",2014,"LAD","Los Angeles Dodgers",94,3782337,221514600
"445","LAN",2015,"LAD","Los Angeles Dodgers",92,3764815,226797000
"446","LAN",2016,"LAD","Los Angeles Dodgers",91,3703312,240628380
"447","MIA",2012,"FLA","Miami Marlins",69,2219444,83098000
"448","MIA",2013,"FLA","Miami Marlins",62,1586322,21610400
"449","MIA",2014,"FLA","Miami Marlins",77,1732283,41848400
"450","MIA",2015,"FLA","Miami Marlins",71,1752235,53456500
"451","MIA",2016,"FLA","Miami Marlins",79,1712417,85613402
"452","MIL",1998,"MIL","Milwaukee Brewers",74,1811593,30004012
"453","MIL",1999,"MIL","Milwaukee Brewers",74,1701796,43377395
"454","MIL",2000,"MIL","Milwaukee Brewers",73,1573621,24733333
"455","MIL",2001,"MIL","Milwaukee Brewers",68,2811041,43470833
"456","MIL",2002,"MIL","Milwaukee Brewers",56,1969153,35907833
"457","MIL",2003,"MIL","Milwaukee Brewers",68,1700354,36282000
"458","MIL",2004,"MIL","Milwaukee Brewers",67,2062382,26428500
"459","MIL",2005,"MIL","Milwaukee Brewers",81,2211023,42684833
"460","MIL",2006,"MIL","Milwaukee Brewers",75,2335643,69926593
"461","MIL",2007,"MIL","Milwaukee Brewers",83,2869144,66536500
"462","MIL",2008,"MIL","Milwaukee Brewers",90,3068458,87687499
"463","MIL",2009,"MIL","Milwaukee Brewers",80,3037451,81957502
"464","MIL",2010,"MIL","Milwaukee Brewers",77,2776531,79858278
"465","MIL",2011,"MIL","Milwaukee Brewers",96,3071373,98463999
"466","MIL",2012,"MIL","Milwaukee Brewers",83,2831385,77903944
"467","MIL",2013,"MIL","Milwaukee Brewers",74,2531105,76947033
"468","MIL",2014,"MIL","Milwaukee Brewers",82,2797384,101217000
"469","MIL",2015,"MIL","Milwaukee Brewers",68,2542558,86166500
"470","MIL",2016,"MIL","Milwaukee Brewers",73,2314614,55247837
"471","MIN",1985,"MIN","Minnesota Twins",77,1651814,5152321
"472","MIN",1986,"MIN","Minnesota Twins",71,1255453,8226867
"473","MIN",1987,"MIN","Minnesota Twins",85,2081976,6534500
"474","MIN",1988,"MIN","Minnesota Twins",91,3030672,13337666
"475","MIN",1989,"MIN","Minnesota Twins",80,2277438,17309666
"476","MIN",1990,"MIN","Minnesota Twins",74,1751584,14859500
"477","MIN",1991,"MIN","Minnesota Twins",95,2293842,23361833
"478","MIN",1992,"MIN","Minnesota Twins",90,2482428,28146834
"479","MIN",1993,"MIN","Minnesota Twins",71,2048673,27876933
"480","MIN",1994,"MIN","Minnesota Twins",53,1398565,28258500
"481","MIN",1995,"MIN","Minnesota Twins",56,1057667,14788000
"482","MIN",1996,"MIN","Minnesota Twins",78,1437352,16714500
"483","MIN",1997,"MIN","Minnesota Twins",68,1411064,25547500
"484","MIN",1998,"MIN","Minnesota Twins",70,1165976,24527500
"485","MIN",1999,"MIN","Minnesota Twins",63,1202829,16957500
"486","MIN",2000,"MIN","Minnesota Twins",69,1000760,14782000
"487","MIN",2001,"MIN","Minnesota Twins",85,1782929,30410000
"488","MIN",2002,"MIN","Minnesota Twins",94,1924473,40200000
"489","MIN",2003,"MIN","Minnesota Twins",90,1946011,62055000
"490","MIN",2004,"MIN","Minnesota Twins",92,1911490,45035000
"491","MIN",2005,"MIN","Minnesota Twins",83,2034243,64540000
"492","MIN",2006,"MIN","Minnesota Twins",96,2285018,58119006
"493","MIN",2007,"MIN","Minnesota Twins",79,2296383,66049500
"494","MIN",2008,"MIN","Minnesota Twins",88,2302431,47567766
"495","MIN",2009,"MIN","Minnesota Twins",87,2416237,67510266
"496","MIN",2010,"MIN","Minnesota Twins",94,3223640,88909166
"497","MIN",2011,"MIN","Minnesota Twins",63,3168116,104362000
"498","MIN",2012,"MIN","Minnesota Twins",66,2776354,82050000
"499","MIN",2013,"MIN","Minnesota Twins",66,2477644,70887500
"500","MIN",2014,"MIN","Minnesota Twins",70,2250606,75662500
"501","MIN",2015,"MIN","Minnesota Twins",83,2220054,110780000
"502","MIN",2016,"MIN","Minnesota Twins",59,1963912,85978200
"503","ML4",1985,"MIL","Milwaukee Brewers",71,1360265,11284107
"504","ML4",1986,"MIL","Milwaukee Brewers",77,1265041,9032975
"505","ML4",1987,"MIL","Milwaukee Brewers",91,1909244,8013224
"506","ML4",1988,"MIL","Milwaukee Brewers",87,1923238,9697000
"507","ML4",1989,"MIL","Milwaukee Brewers",81,1970735,10938000
"508","ML4",1990,"MIL","Milwaukee Brewers",74,1752900,18774167
"509","ML4",1991,"MIL","Milwaukee Brewers",83,1478729,23450500
"510","ML4",1992,"MIL","Milwaukee Brewers",92,1857351,27913667
"511","ML4",1993,"MIL","Milwaukee Brewers",69,1688080,27582501
"512","ML4",1994,"MIL","Milwaukee Brewers",53,1268399,23250500
"513","ML4",1995,"MIL","Milwaukee Brewers",65,1087560,17689825
"514","ML4",1996,"MIL","Milwaukee Brewers",80,1327155,21838000
"515","ML4",1997,"MIL","Milwaukee Brewers",78,1444027,26243738
"516","MON",1985,"WSN","Montreal Expos",84,1502494,9729666
"517","MON",1986,"WSN","Montreal Expos",78,1128981,9968600
"518","MON",1987,"WSN","Montreal Expos",91,1850324,7042052
"519","MON",1988,"WSN","Montreal Expos",81,1478659,8541333
"520","MON",1989,"WSN","Montreal Expos",81,1783533,14601389
"521","MON",1990,"WSN","Montreal Expos",85,1373087,15910388
"522","MON",1991,"WSN","Montreal Expos",71,934742,15115667
"523","MON",1992,"WSN","Montreal Expos",87,1669127,15216334
"524","MON",1993,"WSN","Montreal Expos",94,1641437,15692833
"525","MON",1994,"WSN","Montreal Expos",74,1276250,19098000
"526","MON",1995,"WSN","Montreal Expos",66,1309618,12595557
"527","MON",1996,"WSN","Montreal Expos",88,1616709,18197500
"528","MON",1997,"WSN","Montreal Expos",78,1497609,19130500
"529","MON",1998,"WSN","Montreal Expos",65,914909,9006500
"530","MON",1999,"WSN","Montreal Expos",68,773277,15620500
"531","MON",2000,"WSN","Montreal Expos",67,926272,25469333
"532","MON",2001,"WSN","Montreal Expos",68,642745,30677500
"533","MON",2002,"WSN","Montreal Expos",83,812045,29163000
"534","MON",2003,"WSN","Montreal Expos",83,1025639,49348500
"535","MON",2004,"WSN","Montreal Expos",67,749550,31587500
"536","NYA",1985,"NYY","New York Yankees",97,2214587,14093204
"537","NYA",1986,"NYY","New York Yankees",90,2268030,15688380
"538","NYA",1987,"NYY","New York Yankees",89,2427672,14937714
"539","NYA",1988,"NYY","New York Yankees",85,2633701,20068652
"540","NYA",1989,"NYY","New York Yankees",74,2170485,16841294
"541","NYA",1990,"NYY","New York Yankees",67,2006436,17366666
"542","NYA",1991,"NYY","New York Yankees",71,1863733,27344168
"543","NYA",1992,"NYY","New York Yankees",76,1748737,35784334
"544","NYA",1993,"NYY","New York Yankees",88,2416942,46275567
"545","NYA",1994,"NYY","New York Yankees",70,1675556,45831334
"546","NYA",1995,"NYY","New York Yankees",79,1705263,66867851
"547","NYA",1996,"NYY","New York Yankees",92,2250877,42928792
"548","NYA",1997,"NYY","New York Yankees",96,2580325,61647745
"549","NYA",1998,"NYY","New York Yankees",114,2955193,66124367
"550","NYA",1999,"NYY","New York Yankees",98,3292736,88780709
"551","NYA",2000,"NYY","New York Yankees",87,3055435,93935260
"552","NYA",2001,"NYY","New York Yankees",95,3264907,122976143
"553","NYA",2002,"NYY","New York Yankees",103,3465807,136498583
"554","NYA",2003,"NYY","New York Yankees",101,3465600,139220647
"555","NYA",2004,"NYY","New York Yankees",101,3775292,181468950
"556","NYA",2005,"NYY","New York Yankees",95,4090696,205281817
"557","NYA",2006,"NYY","New York Yankees",97,4248067,208644779
"558","NYA",2007,"NYY","New York Yankees",94,4271083,187553122
"559","NYA",2008,"NYY","New York Yankees",89,4298655,218439375
"560","NYA",2009,"NYY","New York Yankees",103,3719358,202516214
"561","NYA",2010,"NYY","New York Yankees",95,3765807,207033389
"562","NYA",2011,"NYY","New York Yankees",97,3653680,194536228
"563","NYA",2012,"NYY","New York Yankees",95,3542406,209449314
"564","NYA",2013,"NYY","New York Yankees",85,3279589,234675261
"565","NYA",2014,"NYY","New York Yankees",84,3401624,217168907
"566","NYA",2015,"NYY","New York Yankees",87,3193795,216651957
"567","NYA",2016,"NYY","New York Yankees",84,3063405,190161016
"568","NYN",1985,"NYM","New York Mets",98,2761601,10309762
"569","NYN",1986,"NYM","New York Mets",108,2767601,12663714
"570","NYN",1987,"NYM","New York Mets",92,3034129,14159214
"571","NYN",1988,"NYM","New York Mets",100,3055445,15514314
"572","NYN",1989,"NYM","New York Mets",87,2918710,21494071
"573","NYN",1990,"NYM","New York Mets",91,2732745,20927834
"574","NYN",1991,"NYM","New York Mets",77,2284484,30153334
"575","NYN",1992,"NYM","New York Mets",72,1779534,45314335
"576","NYN",1993,"NYM","New York Mets",59,1873183,39176667
"577","NYN",1994,"NYM","New York Mets",55,1151471,31231583
"578","NYN",1995,"NYM","New York Mets",69,1273183,13445445
"579","NYN",1996,"NYM","New York Mets",71,1588323,20041500
"580","NYN",1997,"NYM","New York Mets",88,1766174,30218000
"581","NYN",1998,"NYM","New York Mets",88,2287948,41036499
"582","NYN",1999,"NYM","New York Mets",97,2725668,68969592
"583","NYN",2000,"NYM","New York Mets",94,2820530,80382276
"584","NYN",2001,"NYM","New York Mets",82,2658330,85994428
"585","NYN",2002,"NYM","New York Mets",75,2804838,85172760
"586","NYN",2003,"NYM","New York Mets",66,2140599,89122262
"587","NYN",2004,"NYM","New York Mets",71,2318951,76757803
"588","NYN",2005,"NYM","New York Mets",83,2829929,100019321
"589","NYN",2006,"NYM","New York Mets",97,3379535,94843630
"590","NYN",2007,"NYM","New York Mets",88,3853955,112847663
"591","NYN",2008,"NYM","New York Mets",89,4042045,131684376
"592","NYN",2009,"NYM","New York Mets",70,3168571,133848987
"593","NYN",2010,"NYM","New York Mets",79,2559738,132655942
"594","NYN",2011,"NYM","New York Mets",77,2352596,86200036
"595","NYN",2012,"NYM","New York Mets",74,2242803,92116483
"596","NYN",2013,"NYM","New York Mets",74,2135657,48954826
"597","NYN",2014,"NYM","New York Mets",79,2148808,78306990
"598","NYN",2015,"NYM","New York Mets",90,2569753,110566684
"599","NYN",2016,"NYM","New York Mets",87,2789602,165992879
"600","OAK",1985,"OAK","Oakland Athletics",77,1334599,8175499
"601","OAK",1986,"OAK","Oakland Athletics",76,1314646,10893388
"602","OAK",1987,"OAK","Oakland Athletics",81,1678921,13192216
"603","OAK",1988,"OAK","Oakland Athletics",104,2287335,9690000
"604","OAK",1989,"OAK","Oakland Athletics",99,2667225,15276499
"605","OAK",1990,"OAK","Oakland Athletics",103,2900217,21188540
"606","OAK",1991,"OAK","Oakland Athletics",84,2713493,35849167
"607","OAK",1992,"OAK","Oakland Athletics",96,2494160,51470833
"608","OAK",1993,"OAK","Oakland Athletics",68,2035025,35426833
"609","OAK",1994,"OAK","Oakland Athletics",51,1242692,38847500
"610","OAK",1995,"OAK","Oakland Athletics",67,1174310,30254225
"611","OAK",1996,"OAK","Oakland Athletics",78,1148380,20625000
"612","OAK",1997,"OAK","Oakland Athletics",65,1264218,20998500
"613","OAK",1998,"OAK","Oakland Athletics",74,1232343,18794500
"614","OAK",1999,"OAK","Oakland Athletics",87,1434610,13045333
"615","OAK",2000,"OAK","Oakland Athletics",91,1603744,31384833
"616","OAK",2001,"OAK","Oakland Athletics",102,2133277,32677250
"617","OAK",2002,"OAK","Oakland Athletics",103,2169811,40079167
"618","OAK",2003,"OAK","Oakland Athletics",96,2216596,50260834
"619","OAK",2004,"OAK","Oakland Athletics",91,2201516,58795167
"620","OAK",2005,"OAK","Oakland Athletics",88,2109118,51825762
"621","OAK",2006,"OAK","Oakland Athletics",93,1976625,62993079
"622","OAK",2007,"OAK","Oakland Athletics",76,1921844,54962346
"623","OAK",2008,"OAK","Oakland Athletics",75,1665256,54394626
"624","OAK",2009,"OAK","Oakland Athletics",75,1408783,50850000
"625","OAK",2010,"OAK","Oakland Athletics",81,1418391,53622400
"626","OAK",2011,"OAK","Oakland Athletics",74,1476791,51336500
"627","OAK",2012,"OAK","Oakland Athletics",94,1679013,50320000
"628","OAK",2013,"OAK","Oakland Athletics",96,1809302,66070000
"629","OAK",2014,"OAK","Oakland Athletics",88,2003628,55436400
"630","OAK",2015,"OAK","Oakland Athletics",68,1768175,43862000
"631","OAK",2016,"OAK","Oakland Athletics",69,1521506,38217067
"632","PHI",1985,"PHI","Philadelphia Phillies",75,1830350,10469966
"633","PHI",1986,"PHI","Philadelphia Phillies",86,1933335,9660166
"634","PHI",1987,"PHI","Philadelphia Phillies",80,2100110,10814233
"635","PHI",1988,"PHI","Philadelphia Phillies",65,1990041,13068000
"636","PHI",1989,"PHI","Philadelphia Phillies",67,1861985,9039000
"637","PHI",1990,"PHI","Philadelphia Phillies",77,1992484,11371167
"638","PHI",1991,"PHI","Philadelphia Phillies",78,2050012,18222332
"639","PHI",1992,"PHI","Philadelphia Phillies",70,1927448,23354001
"640","PHI",1993,"PHI","Philadelphia Phillies",97,3137674,28404334
"641","PHI",1994,"PHI","Philadelphia Phillies",54,2290971,28799000
"642","PHI",1995,"PHI","Philadelphia Phillies",69,2043598,28361945
"643","PHI",1996,"PHI","Philadelphia Phillies",67,1801677,33542833
"644","PHI",1997,"PHI","Philadelphia Phillies",68,1490638,26058500
"645","PHI",1998,"PHI","Philadelphia Phillies",75,1715722,23880000
"646","PHI",1999,"PHI","Philadelphia Phillies",77,1825337,31176500
"647","PHI",2000,"PHI","Philadelphia Phillies",65,1612769,23209333
"648","PHI",2001,"PHI","Philadelphia Phillies",86,1782054,41051333
"649","PHI",2002,"PHI","Philadelphia Phillies",80,1618467,63704999
"650","PHI",2003,"PHI","Philadelphia Phillies",86,2259948,73645000
"651","PHI",2004,"PHI","Philadelphia Phillies",86,3250092,96269167
"652","PHI",2005,"PHI","Philadelphia Phillies",88,2665304,89372000
"653","PHI",2006,"PHI","Philadelphia Phillies",85,2701815,67475333
"654","PHI",2007,"PHI","Philadelphia Phillies",89,3108325,89668213
"655","PHI",2008,"PHI","Philadelphia Phillies",92,3422583,99777380
"656","PHI",2009,"PHI","Philadelphia Phillies",93,3600693,112144046
"657","PHI",2010,"PHI","Philadelphia Phillies",97,3647249,141408379
"658","PHI",2011,"PHI","Philadelphia Phillies",102,3680718,171239879
"659","PHI",2012,"PHI","Philadelphia Phillies",81,3565718,153438938
"660","PHI",2013,"PHI","Philadelphia Phillies",73,3012403,152700714
"661","PHI",2014,"PHI","Philadelphia Phillies",73,2423852,175494967
"662","PHI",2015,"PHI","Philadelphia Phillies",63,1831080,93618000
"663","PHI",2016,"PHI","Philadelphia Phillies",71,1915144,36966500
"664","PIT",1985,"PIT","Pittsburgh Pirates",57,735900,8362834
"665","PIT",1986,"PIT","Pittsburgh Pirates",64,1000917,8738500
"666","PIT",1987,"PIT","Pittsburgh Pirates",80,1161193,5529500
"667","PIT",1988,"PIT","Pittsburgh Pirates",85,1866713,6568500
"668","PIT",1989,"PIT","Pittsburgh Pirates",74,1374141,11810500
"669","PIT",1990,"PIT","Pittsburgh Pirates",95,2049908,13170000
"670","PIT",1991,"PIT","Pittsburgh Pirates",98,2065302,23204667
"671","PIT",1992,"PIT","Pittsburgh Pirates",96,1829395,31830167
"672","PIT",1993,"PIT","Pittsburgh Pirates",75,1650593,19423467
"673","PIT",1994,"PIT","Pittsburgh Pirates",53,1222520,21867250
"674","PIT",1995,"PIT","Pittsburgh Pirates",58,905517,17600345
"675","PIT",1996,"PIT","Pittsburgh Pirates",73,1332150,17617500
"676","PIT",1997,"PIT","Pittsburgh Pirates",79,1657022,9891667
"677","PIT",1998,"PIT","Pittsburgh Pirates",69,1560950,14459000
"678","PIT",1999,"PIT","Pittsburgh Pirates",78,1638023,22532666
"679","PIT",2000,"PIT","Pittsburgh Pirates",69,1748908,26221667
"680","PIT",2001,"PIT","Pittsburgh Pirates",62,2464870,45260833
"681","PIT",2002,"PIT","Pittsburgh Pirates",72,1784988,34873099
"682","PIT",2003,"PIT","Pittsburgh Pirates",75,1636751,39348262
"683","PIT",2004,"PIT","Pittsburgh Pirates",72,1580031,24927929
"684","PIT",2005,"PIT","Pittsburgh Pirates",67,1817245,29746000
"685","PIT",2006,"PIT","Pittsburgh Pirates",67,1861549,28763750
"686","PIT",2007,"PIT","Pittsburgh Pirates",68,1749142,48990116
"687","PIT",2008,"PIT","Pittsburgh Pirates",67,1609076,37179583
"688","PIT",2009,"PIT","Pittsburgh Pirates",62,1577853,37848500
"689","PIT",2010,"PIT","Pittsburgh Pirates",57,1613399,23391000
"690","PIT",2011,"PIT","Pittsburgh Pirates",72,1940429,43388500
"691","PIT",2012,"PIT","Pittsburgh Pirates",79,2091918,58664499
"692","PIT",2013,"PIT","Pittsburgh Pirates",94,2256862,76812000
"693","PIT",2014,"PIT","Pittsburgh Pirates",88,2442564,72416500
"694","PIT",2015,"PIT","Pittsburgh Pirates",98,2498596,96692499
"695","PIT",2016,"PIT","Pittsburgh Pirates",78,2249201,95869933
"696","SDN",1985,"SDP","San Diego Padres",83,2210352,10524083
"697","SDN",1986,"SDP","San Diego Padres",74,1805716,10435693
"698","SDN",1987,"SDP","San Diego Padres",65,1454061,10610796
"699","SDN",1988,"SDP","San Diego Padres",83,1506896,9198502
"700","SDN",1989,"SDP","San Diego Padres",89,2009031,11760000
"701","SDN",1990,"SDP","San Diego Padres",75,1856396,17757334
"702","SDN",1991,"SDP","San Diego Padres",84,1804289,20355001
"703","SDN",1992,"SDP","San Diego Padres",82,1721406,24639500
"704","SDN",1993,"SDP","San Diego Padres",61,1375432,10348833
"705","SDN",1994,"SDP","San Diego Padres",47,953857,13891333
"706","SDN",1995,"SDP","San Diego Padres",70,1041805,26321334
"707","SDN",1996,"SDP","San Diego Padres",91,2187886,27053172
"708","SDN",1997,"SDP","San Diego Padres",76,2089333,38879972
"709","SDN",1998,"SDP","San Diego Padres",98,2555874,49312167
"710","SDN",1999,"SDP","San Diego Padres",74,2523538,38426513
"711","SDN",2000,"SDP","San Diego Padres",76,2352443,49536333
"712","SDN",2001,"SDP","San Diego Padres",79,2378128,40682833
"713","SDN",2002,"SDP","San Diego Padres",66,2220601,39950000
"714","SDN",2003,"SDP","San Diego Padres",64,2030084,37620000
"715","SDN",2004,"SDP","San Diego Padres",87,3016752,58634833
"716","SDN",2005,"SDP","San Diego Padres",82,2869787,74214833
"717","SDN",2006,"SDP","San Diego Padres",88,2659757,65196141
"718","SDN",2007,"SDP","San Diego Padres",89,2790074,51194267
"719","SDN",2008,"SDP","San Diego Padres",63,2427535,44106364
"720","SDN",2009,"SDP","San Diego Padres",75,1919603,28447900
"721","SDN",2010,"SDP","San Diego Padres",90,2131774,42423000
"722","SDN",2011,"SDP","San Diego Padres",71,2143018,38265240
"723","SDN",2012,"SDP","San Diego Padres",76,2123721,49255600
"724","SDN",2013,"SDP","San Diego Padres",76,2166691,58510500
"725","SDN",2014,"SDP","San Diego Padres",77,2195373,55897700
"726","SDN",2015,"SDP","San Diego Padres",74,2459742,118949800
"727","SDN",2016,"SDP","San Diego Padres",68,2351422,48829514
"728","SEA",1985,"SEA","Seattle Mariners",74,1128696,4340500
"729","SEA",1986,"SEA","Seattle Mariners",67,1029045,4920809
"730","SEA",1987,"SEA","Seattle Mariners",78,1134255,1928500
"731","SEA",1988,"SEA","Seattle Mariners",68,1022398,5502450
"732","SEA",1989,"SEA","Seattle Mariners",73,1298443,7509500
"733","SEA",1990,"SEA","Seattle Mariners",77,1509727,10061167
"734","SEA",1991,"SEA","Seattle Mariners",83,2147905,15691833
"735","SEA",1992,"SEA","Seattle Mariners",64,1651367,22574000
"736","SEA",1993,"SEA","Seattle Mariners",82,2052638,30966333
"737","SEA",1994,"SEA","Seattle Mariners",49,1104206,28728500
"738","SEA",1995,"SEA","Seattle Mariners",79,1643203,31718311
"739","SEA",1996,"SEA","Seattle Mariners",85,2723850,36654501
"740","SEA",1997,"SEA","Seattle Mariners",90,3192237,43388661
"741","SEA",1998,"SEA","Seattle Mariners",76,2651511,44179536
"742","SEA",1999,"SEA","Seattle Mariners",79,2916346,50113003
"743","SEA",2000,"SEA","Seattle Mariners",91,2914624,57065000
"744","SEA",2001,"SEA","Seattle Mariners",116,3507326,72745834
"745","SEA",2002,"SEA","Seattle Mariners",93,3542938,83467668
"746","SEA",2003,"SEA","Seattle Mariners",93,3268509,82675834
"747","SEA",2004,"SEA","Seattle Mariners",63,2940731,54790834
"748","SEA",2005,"SEA","Seattle Mariners",69,2725459,75262334
"749","SEA",2006,"SEA","Seattle Mariners",78,2481165,75878833
"750","SEA",2007,"SEA","Seattle Mariners",88,2672223,104690833
"751","SEA",2008,"SEA","Seattle Mariners",61,2329702,101383982
"752","SEA",2009,"SEA","Seattle Mariners",85,2195533,84716666
"753","SEA",2010,"SEA","Seattle Mariners",61,2085488,83543500
"754","SEA",2011,"SEA","Seattle Mariners",67,1939421,73906000
"755","SEA",2012,"SEA","Seattle Mariners",75,1721920,58500400
"756","SEA",2013,"SEA","Seattle Mariners",71,1761546,61449643
"757","SEA",2014,"SEA","Seattle Mariners",87,2064334,85531100
"758","SEA",2015,"SEA","Seattle Mariners",76,2193581,95176400
"759","SEA",2016,"SEA","Seattle Mariners",86,2267928,142181339
"760","SFN",1985,"SFG","San Francisco Giants",62,818697,6782214
"761","SFN",1986,"SFG","San Francisco Giants",83,1528748,7787000
"762","SFN",1987,"SFG","San Francisco Giants",90,1917168,6608000
"763","SFN",1988,"SFG","San Francisco Giants",83,1785297,11255000
"764","SFN",1989,"SFG","San Francisco Giants",92,2059701,15006834
"765","SFN",1990,"SFG","San Francisco Giants",85,1975528,18240333
"766","SFN",1991,"SFG","San Francisco Giants",75,1737478,31172666
"767","SFN",1992,"SFG","San Francisco Giants",72,1560998,27832168
"768","SFN",1993,"SFG","San Francisco Giants",103,2606354,34832000
"769","SFN",1994,"SFG","San Francisco Giants",55,1704608,43188666
"770","SFN",1995,"SFG","San Francisco Giants",67,1241500,30325999
"771","SFN",1996,"SFG","San Francisco Giants",68,1413922,31975725
"772","SFN",1997,"SFG","San Francisco Giants",90,1690869,32290878
"773","SFN",1998,"SFG","San Francisco Giants",89,1925364,36170001
"774","SFN",1999,"SFG","San Francisco Giants",86,2078399,44845057
"775","SFN",2000,"SFG","San Francisco Giants",97,3318800,53537826
"776","SFN",2001,"SFG","San Francisco Giants",90,3311958,65260167
"777","SFN",2002,"SFG","San Francisco Giants",95,3253203,78579835
"778","SFN",2003,"SFG","San Francisco Giants",100,3264898,73150167
"779","SFN",2004,"SFG","San Francisco Giants",91,3256854,66769166
"780","SFN",2005,"SFG","San Francisco Giants",75,3181023,83652000
"781","SFN",2006,"SFG","San Francisco Giants",76,3130313,97204919
"782","SFN",2007,"SFG","San Francisco Giants",71,3223215,69030554
"783","SFN",2008,"SFG","San Francisco Giants",72,2863837,65552000
"784","SFN",2009,"SFG","San Francisco Giants",88,2862110,77866450
"785","SFN",2010,"SFG","San Francisco Giants",92,3037443,107751333
"786","SFN",2011,"SFG","San Francisco Giants",86,3387303,118198333
"787","SFN",2012,"SFG","San Francisco Giants",94,3377371,110540683
"788","SFN",2013,"SFG","San Francisco Giants",76,3326796,140684584
"789","SFN",2014,"SFG","San Francisco Giants",88,3368697,149010167
"790","SFN",2015,"SFG","San Francisco Giants",84,3375882,158274000
"791","SFN",2016,"SFG","San Francisco Giants",87,3365256,178826478
"792","SLN",1985,"STL","St. Louis Cardinals",101,2637563,9893749
"793","SLN",1986,"STL","St. Louis Cardinals",79,2471974,9421677
"794","SLN",1987,"STL","St. Louis Cardinals",95,3072122,11165500
"795","SLN",1988,"STL","St. Louis Cardinals",76,2892799,10380000
"796","SLN",1989,"STL","St. Louis Cardinals",86,3080980,17869195
"797","SLN",1990,"STL","St. Louis Cardinals",70,2573225,17343334
"798","SLN",1991,"STL","St. Louis Cardinals",84,2448699,19325001
"799","SLN",1992,"STL","St. Louis Cardinals",83,2418483,23150502
"800","SLN",1993,"STL","St. Louis Cardinals",87,2844977,20212667
"801","SLN",1994,"STL","St. Louis Cardinals",53,1866544,28208601
"802","SLN",1995,"STL","St. Louis Cardinals",62,1756727,24792000
"803","SLN",1996,"STL","St. Louis Cardinals",88,2654718,38089667
"804","SLN",1997,"STL","St. Louis Cardinals",73,2634014,39814167
"805","SLN",1998,"STL","St. Louis Cardinals",83,3195691,59392521
"806","SLN",1999,"STL","St. Louis Cardinals",75,3225334,45918195
"807","SLN",2000,"STL","St. Louis Cardinals",95,3336493,59163863
"808","SLN",2001,"STL","St. Louis Cardinals",93,3109578,64313333
"809","SLN",2002,"STL","St. Louis Cardinals",97,3011756,66960875
"810","SLN",2003,"STL","St. Louis Cardinals",85,2910386,83176666
"811","SLN",2004,"STL","St. Louis Cardinals",105,3048427,83228333
"812","SLN",2005,"STL","St. Louis Cardinals",100,3538988,91346833
"813","SLN",2006,"STL","St. Louis Cardinals",83,3407104,86016371
"814","SLN",2007,"STL","St. Louis Cardinals",78,3552180,89904823
"815","SLN",2008,"STL","St. Louis Cardinals",86,3432917,95983949
"816","SLN",2009,"STL","St. Louis Cardinals",91,3343252,88128409
"817","SLN",2010,"STL","St. Louis Cardinals",86,3301218,89790751
"818","SLN",2011,"STL","St. Louis Cardinals",90,3093954,89966269
"819","SLN",2012,"STL","St. Louis Cardinals",88,3262109,107737862
"820","SLN",2013,"STL","St. Louis Cardinals",97,3369769,89685110
"821","SLN",2014,"STL","St. Louis Cardinals",90,3540649,104920000
"822","SLN",2015,"STL","St. Louis Cardinals",100,3520889,119241500
"823","SLN",2016,"STL","St. Louis Cardinals",86,3444490,129294500
"824","TBA",1998,"TBD","Tampa Bay Devil Rays",63,2506293,27262500
"825","TBA",1999,"TBD","Tampa Bay Devil Rays",69,1562827,38115000
"826","TBA",2000,"TBD","Tampa Bay Devil Rays",69,1449673,43557129
"827","TBA",2001,"TBD","Tampa Bay Devil Rays",62,1298365,21480000
"828","TBA",2002,"TBD","Tampa Bay Devil Rays",55,1065742,33193000
"829","TBA",2003,"TBD","Tampa Bay Devil Rays",63,1058695,19030000
"830","TBA",2004,"TBD","Tampa Bay Devil Rays",70,1274911,27529167
"831","TBA",2005,"TBD","Tampa Bay Devil Rays",67,1141669,28350567
"832","TBA",2006,"TBD","Tampa Bay Devil Rays",61,1368950,18157400
"833","TBA",2007,"TBD","Tampa Bay Devil Rays",66,1387603,21439900
"834","TBA",2008,"TBD","Tampa Bay Rays",97,1811986,42344897
"835","TBA",2009,"TBD","Tampa Bay Rays",84,1874962,57313034
"836","TBA",2010,"TBD","Tampa Bay Rays",96,1843445,61123471
"837","TBA",2011,"TBD","Tampa Bay Rays",91,1529188,41053571
"838","TBA",2012,"TBD","Tampa Bay Rays",90,1559681,63692800
"839","TBA",2013,"TBD","Tampa Bay Rays",92,1510300,51705272
"840","TBA",2014,"TBD","Tampa Bay Rays",77,1446464,58689100
"841","TBA",2015,"TBD","Tampa Bay Rays",80,1287054,55312733
"842","TBA",2016,"TBD","Tampa Bay Rays",68,1286163,46062310
"843","TEX",1985,"TEX","Texas Rangers",62,1112497,6396500
"844","TEX",1986,"TEX","Texas Rangers",87,1692002,6053119
"845","TEX",1987,"TEX","Texas Rangers",75,1763053,880000
"846","TEX",1988,"TEX","Texas Rangers",70,1581901,4504500
"847","TEX",1989,"TEX","Texas Rangers",83,2043993,9005500
"848","TEX",1990,"TEX","Texas Rangers",83,2057911,12850833
"849","TEX",1991,"TEX","Texas Rangers",85,2297720,17344500
"850","TEX",1992,"TEX","Texas Rangers",77,2198231,18711500
"851","TEX",1993,"TEX","Texas Rangers",86,2244616,35250959
"852","TEX",1994,"TEX","Texas Rangers",52,2503198,32410597
"853","TEX",1995,"TEX","Texas Rangers",74,1985910,34669451
"854","TEX",1996,"TEX","Texas Rangers",90,2889020,38554903
"855","TEX",1997,"TEX","Texas Rangers",77,2945228,42733838
"856","TEX",1998,"TEX","Texas Rangers",88,2927399,49197095
"857","TEX",1999,"TEX","Texas Rangers",95,2771469,76709931
"858","TEX",2000,"TEX","Texas Rangers",71,2588401,63445921
"859","TEX",2001,"TEX","Texas Rangers",73,2831021,74468500
"860","TEX",2002,"TEX","Texas Rangers",72,2352397,97009455
"861","TEX",2003,"TEX","Texas Rangers",71,2094394,73575000
"862","TEX",2004,"TEX","Texas Rangers",89,2513685,43183750
"863","TEX",2005,"TEX","Texas Rangers",79,2525221,39077500
"864","TEX",2006,"TEX","Texas Rangers",80,2388757,48352993
"865","TEX",2007,"TEX","Texas Rangers",75,2353862,45272675
"866","TEX",2008,"TEX","Texas Rangers",79,1945677,64566996
"867","TEX",2009,"TEX","Texas Rangers",87,2156016,52027798
"868","TEX",2010,"TEX","Texas Rangers",90,2505171,60649234
"869","TEX",2011,"TEX","Texas Rangers",96,2946949,84126104
"870","TEX",2012,"TEX","Texas Rangers",93,3460280,117260974
"871","TEX",2013,"TEX","Texas Rangers",91,3178273,111536600
"872","TEX",2014,"TEX","Texas Rangers",67,2718733,104845059
"873","TEX",2015,"TEX","Texas Rangers",88,2491875,134641289
"874","TEX",2016,"TEX","Texas Rangers",95,2710402,145285223
"875","TOR",1985,"TOR","Toronto Blue Jays",99,2468925,9162550
"876","TOR",1986,"TOR","Toronto Blue Jays",86,2455477,11295214
"877","TOR",1987,"TOR","Toronto Blue Jays",96,2778429,10408001
"878","TOR",1988,"TOR","Toronto Blue Jays",87,2595175,12174725
"879","TOR",1989,"TOR","Toronto Blue Jays",89,3375883,13562666
"880","TOR",1990,"TOR","Toronto Blue Jays",86,3885284,17501834
"881","TOR",1991,"TOR","Toronto Blue Jays",91,4001527,20327417
"882","TOR",1992,"TOR","Toronto Blue Jays",96,4028318,41862333
"883","TOR",1993,"TOR","Toronto Blue Jays",95,4057947,45179166
"884","TOR",1994,"TOR","Toronto Blue Jays",55,2907933,37883668
"885","TOR",1995,"TOR","Toronto Blue Jays",56,2826483,42090000
"886","TOR",1996,"TOR","Toronto Blue Jays",74,2559573,28667208
"887","TOR",1997,"TOR","Toronto Blue Jays",76,2589297,42784833
"888","TOR",1998,"TOR","Toronto Blue Jays",88,2454303,37636833
"889","TOR",1999,"TOR","Toronto Blue Jays",84,2163464,42480333
"890","TOR",2000,"TOR","Toronto Blue Jays",83,1705712,44838332
"891","TOR",2001,"TOR","Toronto Blue Jays",80,1915438,61945999
"892","TOR",2002,"TOR","Toronto Blue Jays",78,1637900,54559333
"893","TOR",2003,"TOR","Toronto Blue Jays",86,1799458,44759000
"894","TOR",2004,"TOR","Toronto Blue Jays",67,1900041,47975000
"895","TOR",2005,"TOR","Toronto Blue Jays",80,2014995,45319500
"896","TOR",2006,"TOR","Toronto Blue Jays",87,2302212,58041500
"897","TOR",2007,"TOR","Toronto Blue Jays",83,2360644,78944900
"898","TOR",2008,"TOR","Toronto Blue Jays",86,2399786,78705000
"899","TOR",2009,"TOR","Toronto Blue Jays",75,1876129,61688700
"900","TOR",2010,"TOR","Toronto Blue Jays",85,1625555,58204600
"901","TOR",2011,"TOR","Toronto Blue Jays",81,1818103,41662700
"902","TOR",2012,"TOR","Toronto Blue Jays",73,2099663,66910800
"903","TOR",2013,"TOR","Toronto Blue Jays",74,2536562,122938100
"904","TOR",2014,"TOR","Toronto Blue Jays",83,2375525,107055200
"905","TOR",2015,"TOR","Toronto Blue Jays",93,2794891,90483700
"906","TOR",2016,"TOR","Toronto Blue Jays",89,3392099,114326700
"907","WAS",2005,"WSN","Washington Nationals",81,2731993,44504500
"908","WAS",2006,"WSN","Washington Nationals",71,2153056,41864000
"909","WAS",2007,"WSN","Washington Nationals",73,1943812,28817500
"910","WAS",2008,"WSN","Washington Nationals",59,2320400,41711000
"911","WAS",2009,"WSN","Washington Nationals",59,1817226,41225000
"912","WAS",2010,"WSN","Washington Nationals",69,1828066,49699000
"913","WAS",2011,"WSN","Washington Nationals",80,1940478,53942928
"914","WAS",2012,"WSN","Washington Nationals",98,2370794,79674143
"915","WAS",2013,"WSN","Washington Nationals",86,2652422,104802270
"916","WAS",2014,"WSN","Washington Nationals",96,2579389,131983680
"917","WAS",2015,"WSN","Washington Nationals",83,2619843,155070972
"918","WAS",2016,"WSN","Washington Nationals",95,2481938,140617146
